Workbook

Sheet Лист1
B1: 1 | C1: 2 | D1: 3 | E1: 4 | F1: 5 | G1: 6 | H1: 7 | I1: 8 | J1: 9 | K1: 10 | L1: 11 | M1: 12 | N1: 13 | O1: 14 | P1: 15 | Q1: 16 | R1: 17 | S1: 18 | T1: 19 | U1: 20 | V1: 21 | W1: 22 | X1: 23 | Y1: 24 | Z1: 25 | AA1: 26 | AB1: 27 | AC1: 28 | AD1: 29 | AE1: 30 | AF1: 31 | AG1: 32 | AH1: 33 | AI1: 34 | AJ1: 35 | AK1: 36 | AL1: 37 | AM1: 38 | AN1: 39 | AO1: 40 | AP1: 41 | AQ1: 42 | AR1: 43 | AS1: 44 | AT1: 45 | AU1: 46 | AV1: 47 | AW1: 48 | AX1: 49 | AY1: 50 | AZ1: 51 | BA1: 52 | BB1: 53 | BC1: 54 | BD1: 55 | BE1: 56 | BF1: 57 | BG1: 58 | BH1: 59 | BI1: 60 | BJ1: 61 | BK1: 62 | BL1: 63 | BM1: 64 | BN1: 65 | BO1: 66 | BP1: 67 | BQ1: 68 | BR1: 69 | BS1: 70 | BT1: 71 | BU1: 72 | BV1: 73 | BW1: 74 | BX1: 75 | BY1: 76 | BZ1: 77 | CA1: 78 | CB1: 79 | CC1: 80 | CD1: 81 | CE1: 82 | CF1: 83 | CG1: 84 | CH1: 85 | CI1: 86 | CJ1: 87 | CK1: 88 | CL1: 89 | CM1: 90 | CN1: 91 | CO1: 92 | CP1: 93 | CQ1: 94 | CR1: 95 | CS1: 96 | CT1: 97 | CU1: 98 | CV1: 99 | CW1: 100 | CX1: 101 | CY1: 102 | CZ1: 103 | DA1: 104 | DB1: 105 | DC1: 106 | DD1: 107 | DE1: 108 | DF1: 109 | DG1: 110 | DH1: 111 | DI1: 112 | DJ1: 113 | DK1: 114 | DL1: 115 | DM1: 116 | DN1: 117 | DO1: 118 | DP1: 119 | DQ1: 120 | DR1: 121 | DS1: 122 | DT1: 123 | DU1: 124 | DV1: 125 | DW1: 126 | DX1: 127 | DY1: 128 | DZ1: 129 | EA1: 130 | EB1: 131 | EC1: 132 | ED1: 133 | EE1: 134 | EF1: 135 | EG1: 136 | EH1: 137 | EI1: 138 | EJ1: 139 | EK1: 140 | EL1: 141 | EM1: 142 | EN1: 143 | EO1: 144 | EP1: 145 | EQ1: 146 | ER1: 147 | ES1: 148 | ET1: 149 | EU1: 150 | EV1: 151 | EW1: 152 | EX1: 153 | EY1: 154 | EZ1: 155 | FA1: 156 | FB1: 157 | FC1: 158 | FD1: 159 | FE1: 160 | FF1: 161 | FG1: 162 | FH1: 163 | FI1: 164 | FJ1: 165 | FK1: 166 | FL1: 167 | FM1: 168 | FN1: 169 | FO1: 170 | FP1: 171 | FQ1: 172 | FR1: 173
A2: 1 | B2: =IF(Д!B2=0,IF(AND(INDEX($B$2:$FR$174,B$1+1,$A2)>0,INDEX($B$2:$FR$174,B$1+3,$A2)>0,INDEX($B$2:$FR$174,B$1*2,$A2)>0,INDEX($B$2:$FR$174,B$1,$A2+1)>0,INDEX($B$2:$FR$174,B$1,$A2+3)>0,INDEX($B$2:$FR$174,B$1,$A2*2)>0),-2,0),Д!B2) -> 0 | C2: =IF(Д!C2=0,IF(AND(INDEX($B$2:$FR$174,C$1+1,$A2)>0,INDEX($B$2:$FR$174,C$1+3,$A2)>0,INDEX($B$2:$FR$174,C$1*2,$A2)>0,INDEX($B$2:$FR$174,C$1,$A2+1)>0,INDEX($B$2:$FR$174,C$1,$A2+3)>0,INDEX($B$2:$FR$174,C$1,$A2*2)>0),-2,0),Д!C2) -> 0 | D2: =IF(Д!D2=0,IF(AND(INDEX($B$2:$FR$174,D$1+1,$A2)>0,INDEX($B$2:$FR$174,D$1+3,$A2)>0,INDEX($B$2:$FR$174,D$1*2,$A2)>0,INDEX($B$2:$FR$174,D$1,$A2+1)>0,INDEX($B$2:$FR$174,D$1,$A2+3)>0,INDEX($B$2:$FR$174,D$1,$A2*2)>0),-2,0),Д!D2) -> 0 | E2: =IF(Д!E2=0,IF(AND(INDEX($B$2:$FR$174,E$1+1,$A2)>0,INDEX($B$2:$FR$174,E$1+3,$A2)>0,INDEX($B$2:$FR$174,E$1*2,$A2)>0,INDEX($B$2:$FR$174,E$1,$A2+1)>0,INDEX($B$2:$FR$174,E$1,$A2+3)>0,INDEX($B$2:$FR$174,E$1,$A2*2)>0),-2,0),Д!E2) -> 0 | F2: =IF(Д!F2=0,IF(AND(INDEX($B$2:$FR$174,F$1+1,$A2)>0,INDEX($B$2:$FR$174,F$1+3,$A2)>0,INDEX($B$2:$FR$174,F$1*2,$A2)>0,INDEX($B$2:$FR$174,F$1,$A2+1)>0,INDEX($B$2:$FR$174,F$1,$A2+3)>0,INDEX($B$2:$FR$174,F$1,$A2*2)>0),-2,0),Д!F2) -> 0 | G2: =IF(Д!G2=0,IF(AND(INDEX($B$2:$FR$174,G$1+1,$A2)>0,INDEX($B$2:$FR$174,G$1+3,$A2)>0,INDEX($B$2:$FR$174,G$1*2,$A2)>0,INDEX($B$2:$FR$174,G$1,$A2+1)>0,INDEX($B$2:$FR$174,G$1,$A2+3)>0,INDEX($B$2:$FR$174,G$1,$A2*2)>0),-2,0),Д!G2) -> 0 | H2: =IF(Д!H2=0,IF(AND(INDEX($B$2:$FR$174,H$1+1,$A2)>0,INDEX($B$2:$FR$174,H$1+3,$A2)>0,INDEX($B$2:$FR$174,H$1*2,$A2)>0,INDEX($B$2:$FR$174,H$1,$A2+1)>0,INDEX($B$2:$FR$174,H$1,$A2+3)>0,INDEX($B$2:$FR$174,H$1,$A2*2)>0),-2,0),Д!H2) -> 0 | I2: =IF(Д!I2=0,IF(AND(INDEX($B$2:$FR$174,I$1+1,$A2)>0,INDEX($B$2:$FR$174,I$1+3,$A2)>0,INDEX($B$2:$FR$174,I$1*2,$A2)>0,INDEX($B$2:$FR$174,I$1,$A2+1)>0,INDEX($B$2:$FR$174,I$1,$A2+3)>0,INDEX($B$2:$FR$174,I$1,$A2*2)>0),-2,0),Д!I2) -> 0 | ... FR2: =IF(Д!FR2=0,IF(AND(INDEX($B$2:$FR$174,FR$1+1,$A2)>0,INDEX($B$2:$FR$174,FR$1+3,$A2)>0,INDEX($B$2:$FR$174,FR$1*2,$A2)>0,INDEX($B$2:$FR$174,FR$1,$A2+1)>0,INDEX($B$2:$FR$174,FR$1,$A2+3)>0,INDEX($B$2:$FR$174,FR$1,$A2*2)>0),-2,0),Д!FR2) -> 1
A3: 2 | B3: =IF(Д!B3=0,IF(AND(INDEX($B$2:$FR$174,B$1+1,$A3)>0,INDEX($B$2:$FR$174,B$1+3,$A3)>0,INDEX($B$2:$FR$174,B$1*2,$A3)>0,INDEX($B$2:$FR$174,B$1,$A3+1)>0,INDEX($B$2:$FR$174,B$1,$A3+3)>0,INDEX($B$2:$FR$174,B$1,$A3*2)>0),-2,0),Д!B3) -> 0 | C3: =IF(Д!C3=0,IF(AND(INDEX($B$2:$FR$174,C$1+1,$A3)>0,INDEX($B$2:$FR$174,C$1+3,$A3)>0,INDEX($B$2:$FR$174,C$1*2,$A3)>0,INDEX($B$2:$FR$174,C$1,$A3+1)>0,INDEX($B$2:$FR$174,C$1,$A3+3)>0,INDEX($B$2:$FR$174,C$1,$A3*2)>0),-2,0),Д!C3) -> 0 | D3: =IF(Д!D3=0,IF(AND(INDEX($B$2:$FR$174,D$1+1,$A3)>0,INDEX($B$2:$FR$174,D$1+3,$A3)>0,INDEX($B$2:$FR$174,D$1*2,$A3)>0,INDEX($B$2:$FR$174,D$1,$A3+1)>0,INDEX($B$2:$FR$174,D$1,$A3+3)>0,INDEX($B$2:$FR$174,D$1,$A3*2)>0),-2,0),Д!D3) -> 0 | E3: =IF(Д!E3=0,IF(AND(INDEX($B$2:$FR$174,E$1+1,$A3)>0,INDEX($B$2:$FR$174,E$1+3,$A3)>0,INDEX($B$2:$FR$174,E$1*2,$A3)>0,INDEX($B$2:$FR$174,E$1,$A3+1)>0,INDEX($B$2:$FR$174,E$1,$A3+3)>0,INDEX($B$2:$FR$174,E$1,$A3*2)>0),-2,0),Д!E3) -> 0 | F3: =IF(Д!F3=0,IF(AND(INDEX($B$2:$FR$174,F$1+1,$A3)>0,INDEX($B$2:$FR$174,F$1+3,$A3)>0,INDEX($B$2:$FR$174,F$1*2,$A3)>0,INDEX($B$2:$FR$174,F$1,$A3+1)>0,INDEX($B$2:$FR$174,F$1,$A3+3)>0,INDEX($B$2:$FR$174,F$1,$A3*2)>0),-2,0),Д!F3) -> 0 | G3: =IF(Д!G3=0,IF(AND(INDEX($B$2:$FR$174,G$1+1,$A3)>0,INDEX($B$2:$FR$174,G$1+3,$A3)>0,INDEX($B$2:$FR$174,G$1*2,$A3)>0,INDEX($B$2:$FR$174,G$1,$A3+1)>0,INDEX($B$2:$FR$174,G$1,$A3+3)>0,INDEX($B$2:$FR$174,G$1,$A3*2)>0),-2,0),Д!G3) -> 0 | H3: =IF(Д!H3=0,IF(AND(INDEX($B$2:$FR$174,H$1+1,$A3)>0,INDEX($B$2:$FR$174,H$1+3,$A3)>0,INDEX($B$2:$FR$174,H$1*2,$A3)>0,INDEX($B$2:$FR$174,H$1,$A3+1)>0,INDEX($B$2:$FR$174,H$1,$A3+3)>0,INDEX($B$2:$FR$174,H$1,$A3*2)>0),-2,0),Д!H3) -> 0 | I3: =IF(Д!I3=0,IF(AND(INDEX($B$2:$FR$174,I$1+1,$A3)>0,INDEX($B$2:$FR$174,I$1+3,$A3)>0,INDEX($B$2:$FR$174,I$1*2,$A3)>0,INDEX($B$2:$FR$174,I$1,$A3+1)>0,INDEX($B$2:$FR$174,I$1,$A3+3)>0,INDEX($B$2:$FR$174,I$1,$A3*2)>0),-2,0),Д!I3) -> 0 | ... FR3: =IF(Д!FR3=0,IF(AND(INDEX($B$2:$FR$174,FR$1+1,$A3)>0,INDEX($B$2:$FR$174,FR$1+3,$A3)>0,INDEX($B$2:$FR$174,FR$1*2,$A3)>0,INDEX($B$2:$FR$174,FR$1,$A3+1)>0,INDEX($B$2:$FR$174,FR$1,$A3+3)>0,INDEX($B$2:$FR$174,FR$1,$A3*2)>0),-2,0),Д!FR3) -> 1
A4: 3 | B4: =IF(Д!B4=0,IF(AND(INDEX($B$2:$FR$174,B$1+1,$A4)>0,INDEX($B$2:$FR$174,B$1+3,$A4)>0,INDEX($B$2:$FR$174,B$1*2,$A4)>0,INDEX($B$2:$FR$174,B$1,$A4+1)>0,INDEX($B$2:$FR$174,B$1,$A4+3)>0,INDEX($B$2:$FR$174,B$1,$A4*2)>0),-2,0),Д!B4) -> 0 | C4: =IF(Д!C4=0,IF(AND(INDEX($B$2:$FR$174,C$1+1,$A4)>0,INDEX($B$2:$FR$174,C$1+3,$A4)>0,INDEX($B$2:$FR$174,C$1*2,$A4)>0,INDEX($B$2:$FR$174,C$1,$A4+1)>0,INDEX($B$2:$FR$174,C$1,$A4+3)>0,INDEX($B$2:$FR$174,C$1,$A4*2)>0),-2,0),Д!C4) -> 0 | D4: =IF(Д!D4=0,IF(AND(INDEX($B$2:$FR$174,D$1+1,$A4)>0,INDEX($B$2:$FR$174,D$1+3,$A4)>0,INDEX($B$2:$FR$174,D$1*2,$A4)>0,INDEX($B$2:$FR$174,D$1,$A4+1)>0,INDEX($B$2:$FR$174,D$1,$A4+3)>0,INDEX($B$2:$FR$174,D$1,$A4*2)>0),-2,0),Д!D4) -> 0 | E4: =IF(Д!E4=0,IF(AND(INDEX($B$2:$FR$174,E$1+1,$A4)>0,INDEX($B$2:$FR$174,E$1+3,$A4)>0,INDEX($B$2:$FR$174,E$1*2,$A4)>0,INDEX($B$2:$FR$174,E$1,$A4+1)>0,INDEX($B$2:$FR$174,E$1,$A4+3)>0,INDEX($B$2:$FR$174,E$1,$A4*2)>0),-2,0),Д!E4) -> 0 | F4: =IF(Д!F4=0,IF(AND(INDEX($B$2:$FR$174,F$1+1,$A4)>0,INDEX($B$2:$FR$174,F$1+3,$A4)>0,INDEX($B$2:$FR$174,F$1*2,$A4)>0,INDEX($B$2:$FR$174,F$1,$A4+1)>0,INDEX($B$2:$FR$174,F$1,$A4+3)>0,INDEX($B$2:$FR$174,F$1,$A4*2)>0),-2,0),Д!F4) -> 0 | G4: =IF(Д!G4=0,IF(AND(INDEX($B$2:$FR$174,G$1+1,$A4)>0,INDEX($B$2:$FR$174,G$1+3,$A4)>0,INDEX($B$2:$FR$174,G$1*2,$A4)>0,INDEX($B$2:$FR$174,G$1,$A4+1)>0,INDEX($B$2:$FR$174,G$1,$A4+3)>0,INDEX($B$2:$FR$174,G$1,$A4*2)>0),-2,0),Д!G4) -> 0 | H4: =IF(Д!H4=0,IF(AND(INDEX($B$2:$FR$174,H$1+1,$A4)>0,INDEX($B$2:$FR$174,H$1+3,$A4)>0,INDEX($B$2:$FR$174,H$1*2,$A4)>0,INDEX($B$2:$FR$174,H$1,$A4+1)>0,INDEX($B$2:$FR$174,H$1,$A4+3)>0,INDEX($B$2:$FR$174,H$1,$A4*2)>0),-2,0),Д!H4) -> 0 | I4: =IF(Д!I4=0,IF(AND(INDEX($B$2:$FR$174,I$1+1,$A4)>0,INDEX($B$2:$FR$174,I$1+3,$A4)>0,INDEX($B$2:$FR$174,I$1*2,$A4)>0,INDEX($B$2:$FR$174,I$1,$A4+1)>0,INDEX($B$2:$FR$174,I$1,$A4+3)>0,INDEX($B$2:$FR$174,I$1,$A4*2)>0),-2,0),Д!I4) -> 0 | ... FR4: =IF(Д!FR4=0,IF(AND(INDEX($B$2:$FR$174,FR$1+1,$A4)>0,INDEX($B$2:$FR$174,FR$1+3,$A4)>0,INDEX($B$2:$FR$174,FR$1*2,$A4)>0,INDEX($B$2:$FR$174,FR$1,$A4+1)>0,INDEX($B$2:$FR$174,FR$1,$A4+3)>0,INDEX($B$2:$FR$174,FR$1,$A4*2)>0),-2,0),Д!FR4) -> 1
A5: 4 | B5: =IF(Д!B5=0,IF(AND(INDEX($B$2:$FR$174,B$1+1,$A5)>0,INDEX($B$2:$FR$174,B$1+3,$A5)>0,INDEX($B$2:$FR$174,B$1*2,$A5)>0,INDEX($B$2:$FR$174,B$1,$A5+1)>0,INDEX($B$2:$FR$174,B$1,$A5+3)>0,INDEX($B$2:$FR$174,B$1,$A5*2)>0),-2,0),Д!B5) -> 0 | C5: =IF(Д!C5=0,IF(AND(INDEX($B$2:$FR$174,C$1+1,$A5)>0,INDEX($B$2:$FR$174,C$1+3,$A5)>0,INDEX($B$2:$FR$174,C$1*2,$A5)>0,INDEX($B$2:$FR$174,C$1,$A5+1)>0,INDEX($B$2:$FR$174,C$1,$A5+3)>0,INDEX($B$2:$FR$174,C$1,$A5*2)>0),-2,0),Д!C5) -> 0 | D5: =IF(Д!D5=0,IF(AND(INDEX($B$2:$FR$174,D$1+1,$A5)>0,INDEX($B$2:$FR$174,D$1+3,$A5)>0,INDEX($B$2:$FR$174,D$1*2,$A5)>0,INDEX($B$2:$FR$174,D$1,$A5+1)>0,INDEX($B$2:$FR$174,D$1,$A5+3)>0,INDEX($B$2:$FR$174,D$1,$A5*2)>0),-2,0),Д!D5) -> 0 | E5: =IF(Д!E5=0,IF(AND(INDEX($B$2:$FR$174,E$1+1,$A5)>0,INDEX($B$2:$FR$174,E$1+3,$A5)>0,INDEX($B$2:$FR$174,E$1*2,$A5)>0,INDEX($B$2:$FR$174,E$1,$A5+1)>0,INDEX($B$2:$FR$174,E$1,$A5+3)>0,INDEX($B$2:$FR$174,E$1,$A5*2)>0),-2,0),Д!E5) -> 0 | F5: =IF(Д!F5=0,IF(AND(INDEX($B$2:$FR$174,F$1+1,$A5)>0,INDEX($B$2:$FR$174,F$1+3,$A5)>0,INDEX($B$2:$FR$174,F$1*2,$A5)>0,INDEX($B$2:$FR$174,F$1,$A5+1)>0,INDEX($B$2:$FR$174,F$1,$A5+3)>0,INDEX($B$2:$FR$174,F$1,$A5*2)>0),-2,0),Д!F5) -> 0 | G5: =IF(Д!G5=0,IF(AND(INDEX($B$2:$FR$174,G$1+1,$A5)>0,INDEX($B$2:$FR$174,G$1+3,$A5)>0,INDEX($B$2:$FR$174,G$1*2,$A5)>0,INDEX($B$2:$FR$174,G$1,$A5+1)>0,INDEX($B$2:$FR$174,G$1,$A5+3)>0,INDEX($B$2:$FR$174,G$1,$A5*2)>0),-2,0),Д!G5) -> 0 | H5: =IF(Д!H5=0,IF(AND(INDEX($B$2:$FR$174,H$1+1,$A5)>0,INDEX($B$2:$FR$174,H$1+3,$A5)>0,INDEX($B$2:$FR$174,H$1*2,$A5)>0,INDEX($B$2:$FR$174,H$1,$A5+1)>0,INDEX($B$2:$FR$174,H$1,$A5+3)>0,INDEX($B$2:$FR$174,H$1,$A5*2)>0),-2,0),Д!H5) -> 0 | I5: =IF(Д!I5=0,IF(AND(INDEX($B$2:$FR$174,I$1+1,$A5)>0,INDEX($B$2:$FR$174,I$1+3,$A5)>0,INDEX($B$2:$FR$174,I$1*2,$A5)>0,INDEX($B$2:$FR$174,I$1,$A5+1)>0,INDEX($B$2:$FR$174,I$1,$A5+3)>0,INDEX($B$2:$FR$174,I$1,$A5*2)>0),-2,0),Д!I5) -> 0 | ... FR5: =IF(Д!FR5=0,IF(AND(INDEX($B$2:$FR$174,FR$1+1,$A5)>0,INDEX($B$2:$FR$174,FR$1+3,$A5)>0,INDEX($B$2:$FR$174,FR$1*2,$A5)>0,INDEX($B$2:$FR$174,FR$1,$A5+1)>0,INDEX($B$2:$FR$174,FR$1,$A5+3)>0,INDEX($B$2:$FR$174,FR$1,$A5*2)>0),-2,0),Д!FR5) -> 1
A6: 5 | B6: =IF(Д!B6=0,IF(AND(INDEX($B$2:$FR$174,B$1+1,$A6)>0,INDEX($B$2:$FR$174,B$1+3,$A6)>0,INDEX($B$2:$FR$174,B$1*2,$A6)>0,INDEX($B$2:$FR$174,B$1,$A6+1)>0,INDEX($B$2:$FR$174,B$1,$A6+3)>0,INDEX($B$2:$FR$174,B$1,$A6*2)>0),-2,0),Д!B6) -> 0 | C6: =IF(Д!C6=0,IF(AND(INDEX($B$2:$FR$174,C$1+1,$A6)>0,INDEX($B$2:$FR$174,C$1+3,$A6)>0,INDEX($B$2:$FR$174,C$1*2,$A6)>0,INDEX($B$2:$FR$174,C$1,$A6+1)>0,INDEX($B$2:$FR$174,C$1,$A6+3)>0,INDEX($B$2:$FR$174,C$1,$A6*2)>0),-2,0),Д!C6) -> 0 | D6: =IF(Д!D6=0,IF(AND(INDEX($B$2:$FR$174,D$1+1,$A6)>0,INDEX($B$2:$FR$174,D$1+3,$A6)>0,INDEX($B$2:$FR$174,D$1*2,$A6)>0,INDEX($B$2:$FR$174,D$1,$A6+1)>0,INDEX($B$2:$FR$174,D$1,$A6+3)>0,INDEX($B$2:$FR$174,D$1,$A6*2)>0),-2,0),Д!D6) -> 0 | E6: =IF(Д!E6=0,IF(AND(INDEX($B$2:$FR$174,E$1+1,$A6)>0,INDEX($B$2:$FR$174,E$1+3,$A6)>0,INDEX($B$2:$FR$174,E$1*2,$A6)>0,INDEX($B$2:$FR$174,E$1,$A6+1)>0,INDEX($B$2:$FR$174,E$1,$A6+3)>0,INDEX($B$2:$FR$174,E$1,$A6*2)>0),-2,0),Д!E6) -> 0 | F6: =IF(Д!F6=0,IF(AND(INDEX($B$2:$FR$174,F$1+1,$A6)>0,INDEX($B$2:$FR$174,F$1+3,$A6)>0,INDEX($B$2:$FR$174,F$1*2,$A6)>0,INDEX($B$2:$FR$174,F$1,$A6+1)>0,INDEX($B$2:$FR$174,F$1,$A6+3)>0,INDEX($B$2:$FR$174,F$1,$A6*2)>0),-2,0),Д!F6) -> 0 | G6: =IF(Д!G6=0,IF(AND(INDEX($B$2:$FR$174,G$1+1,$A6)>0,INDEX($B$2:$FR$174,G$1+3,$A6)>0,INDEX($B$2:$FR$174,G$1*2,$A6)>0,INDEX($B$2:$FR$174,G$1,$A6+1)>0,INDEX($B$2:$FR$174,G$1,$A6+3)>0,INDEX($B$2:$FR$174,G$1,$A6*2)>0),-2,0),Д!G6) -> 0 | H6: =IF(Д!H6=0,IF(AND(INDEX($B$2:$FR$174,H$1+1,$A6)>0,INDEX($B$2:$FR$174,H$1+3,$A6)>0,INDEX($B$2:$FR$174,H$1*2,$A6)>0,INDEX($B$2:$FR$174,H$1,$A6+1)>0,INDEX($B$2:$FR$174,H$1,$A6+3)>0,INDEX($B$2:$FR$174,H$1,$A6*2)>0),-2,0),Д!H6) -> 0 | I6: =IF(Д!I6=0,IF(AND(INDEX($B$2:$FR$174,I$1+1,$A6)>0,INDEX($B$2:$FR$174,I$1+3,$A6)>0,INDEX($B$2:$FR$174,I$1*2,$A6)>0,INDEX($B$2:$FR$174,I$1,$A6+1)>0,INDEX($B$2:$FR$174,I$1,$A6+3)>0,INDEX($B$2:$FR$174,I$1,$A6*2)>0),-2,0),Д!I6) -> 0 | ... FR6: =IF(Д!FR6=0,IF(AND(INDEX($B$2:$FR$174,FR$1+1,$A6)>0,INDEX($B$2:$FR$174,FR$1+3,$A6)>0,INDEX($B$2:$FR$174,FR$1*2,$A6)>0,INDEX($B$2:$FR$174,FR$1,$A6+1)>0,INDEX($B$2:$FR$174,FR$1,$A6+3)>0,INDEX($B$2:$FR$174,FR$1,$A6*2)>0),-2,0),Д!FR6) -> 1
A7: 6 | B7: =IF(Д!B7=0,IF(AND(INDEX($B$2:$FR$174,B$1+1,$A7)>0,INDEX($B$2:$FR$174,B$1+3,$A7)>0,INDEX($B$2:$FR$174,B$1*2,$A7)>0,INDEX($B$2:$FR$174,B$1,$A7+1)>0,INDEX($B$2:$FR$174,B$1,$A7+3)>0,INDEX($B$2:$FR$174,B$1,$A7*2)>0),-2,0),Д!B7) -> 0 | C7: =IF(Д!C7=0,IF(AND(INDEX($B$2:$FR$174,C$1+1,$A7)>0,INDEX($B$2:$FR$174,C$1+3,$A7)>0,INDEX($B$2:$FR$174,C$1*2,$A7)>0,INDEX($B$2:$FR$174,C$1,$A7+1)>0,INDEX($B$2:$FR$174,C$1,$A7+3)>0,INDEX($B$2:$FR$174,C$1,$A7*2)>0),-2,0),Д!C7) -> 0 | D7: =IF(Д!D7=0,IF(AND(INDEX($B$2:$FR$174,D$1+1,$A7)>0,INDEX($B$2:$FR$174,D$1+3,$A7)>0,INDEX($B$2:$FR$174,D$1*2,$A7)>0,INDEX($B$2:$FR$174,D$1,$A7+1)>0,INDEX($B$2:$FR$174,D$1,$A7+3)>0,INDEX($B$2:$FR$174,D$1,$A7*2)>0),-2,0),Д!D7) -> 0 | E7: =IF(Д!E7=0,IF(AND(INDEX($B$2:$FR$174,E$1+1,$A7)>0,INDEX($B$2:$FR$174,E$1+3,$A7)>0,INDEX($B$2:$FR$174,E$1*2,$A7)>0,INDEX($B$2:$FR$174,E$1,$A7+1)>0,INDEX($B$2:$FR$174,E$1,$A7+3)>0,INDEX($B$2:$FR$174,E$1,$A7*2)>0),-2,0),Д!E7) -> 0 | F7: =IF(Д!F7=0,IF(AND(INDEX($B$2:$FR$174,F$1+1,$A7)>0,INDEX($B$2:$FR$174,F$1+3,$A7)>0,INDEX($B$2:$FR$174,F$1*2,$A7)>0,INDEX($B$2:$FR$174,F$1,$A7+1)>0,INDEX($B$2:$FR$174,F$1,$A7+3)>0,INDEX($B$2:$FR$174,F$1,$A7*2)>0),-2,0),Д!F7) -> 0 | G7: =IF(Д!G7=0,IF(AND(INDEX($B$2:$FR$174,G$1+1,$A7)>0,INDEX($B$2:$FR$174,G$1+3,$A7)>0,INDEX($B$2:$FR$174,G$1*2,$A7)>0,INDEX($B$2:$FR$174,G$1,$A7+1)>0,INDEX($B$2:$FR$174,G$1,$A7+3)>0,INDEX($B$2:$FR$174,G$1,$A7*2)>0),-2,0),Д!G7) -> 0 | H7: =IF(Д!H7=0,IF(AND(INDEX($B$2:$FR$174,H$1+1,$A7)>0,INDEX($B$2:$FR$174,H$1+3,$A7)>0,INDEX($B$2:$FR$174,H$1*2,$A7)>0,INDEX($B$2:$FR$174,H$1,$A7+1)>0,INDEX($B$2:$FR$174,H$1,$A7+3)>0,INDEX($B$2:$FR$174,H$1,$A7*2)>0),-2,0),Д!H7) -> 0 | I7: =IF(Д!I7=0,IF(AND(INDEX($B$2:$FR$174,I$1+1,$A7)>0,INDEX($B$2:$FR$174,I$1+3,$A7)>0,INDEX($B$2:$FR$174,I$1*2,$A7)>0,INDEX($B$2:$FR$174,I$1,$A7+1)>0,INDEX($B$2:$FR$174,I$1,$A7+3)>0,INDEX($B$2:$FR$174,I$1,$A7*2)>0),-2,0),Д!I7) -> 0 | ... FR7: =IF(Д!FR7=0,IF(AND(INDEX($B$2:$FR$174,FR$1+1,$A7)>0,INDEX($B$2:$FR$174,FR$1+3,$A7)>0,INDEX($B$2:$FR$174,FR$1*2,$A7)>0,INDEX($B$2:$FR$174,FR$1,$A7+1)>0,INDEX($B$2:$FR$174,FR$1,$A7+3)>0,INDEX($B$2:$FR$174,FR$1,$A7*2)>0),-2,0),Д!FR7) -> 1
A8: 7 | B8: =IF(Д!B8=0,IF(AND(INDEX($B$2:$FR$174,B$1+1,$A8)>0,INDEX($B$2:$FR$174,B$1+3,$A8)>0,INDEX($B$2:$FR$174,B$1*2,$A8)>0,INDEX($B$2:$FR$174,B$1,$A8+1)>0,INDEX($B$2:$FR$174,B$1,$A8+3)>0,INDEX($B$2:$FR$174,B$1,$A8*2)>0),-2,0),Д!B8) -> 0 | C8: =IF(Д!C8=0,IF(AND(INDEX($B$2:$FR$174,C$1+1,$A8)>0,INDEX($B$2:$FR$174,C$1+3,$A8)>0,INDEX($B$2:$FR$174,C$1*2,$A8)>0,INDEX($B$2:$FR$174,C$1,$A8+1)>0,INDEX($B$2:$FR$174,C$1,$A8+3)>0,INDEX($B$2:$FR$174,C$1,$A8*2)>0),-2,0),Д!C8) -> 0 | D8: =IF(Д!D8=0,IF(AND(INDEX($B$2:$FR$174,D$1+1,$A8)>0,INDEX($B$2:$FR$174,D$1+3,$A8)>0,INDEX($B$2:$FR$174,D$1*2,$A8)>0,INDEX($B$2:$FR$174,D$1,$A8+1)>0,INDEX($B$2:$FR$174,D$1,$A8+3)>0,INDEX($B$2:$FR$174,D$1,$A8*2)>0),-2,0),Д!D8) -> 0 | E8: =IF(Д!E8=0,IF(AND(INDEX($B$2:$FR$174,E$1+1,$A8)>0,INDEX($B$2:$FR$174,E$1+3,$A8)>0,INDEX($B$2:$FR$174,E$1*2,$A8)>0,INDEX($B$2:$FR$174,E$1,$A8+1)>0,INDEX($B$2:$FR$174,E$1,$A8+3)>0,INDEX($B$2:$FR$174,E$1,$A8*2)>0),-2,0),Д!E8) -> 0 | F8: =IF(Д!F8=0,IF(AND(INDEX($B$2:$FR$174,F$1+1,$A8)>0,INDEX($B$2:$FR$174,F$1+3,$A8)>0,INDEX($B$2:$FR$174,F$1*2,$A8)>0,INDEX($B$2:$FR$174,F$1,$A8+1)>0,INDEX($B$2:$FR$174,F$1,$A8+3)>0,INDEX($B$2:$FR$174,F$1,$A8*2)>0),-2,0),Д!F8) -> 0 | G8: =IF(Д!G8=0,IF(AND(INDEX($B$2:$FR$174,G$1+1,$A8)>0,INDEX($B$2:$FR$174,G$1+3,$A8)>0,INDEX($B$2:$FR$174,G$1*2,$A8)>0,INDEX($B$2:$FR$174,G$1,$A8+1)>0,INDEX($B$2:$FR$174,G$1,$A8+3)>0,INDEX($B$2:$FR$174,G$1,$A8*2)>0),-2,0),Д!G8) -> 0 | H8: =IF(Д!H8=0,IF(AND(INDEX($B$2:$FR$174,H$1+1,$A8)>0,INDEX($B$2:$FR$174,H$1+3,$A8)>0,INDEX($B$2:$FR$174,H$1*2,$A8)>0,INDEX($B$2:$FR$174,H$1,$A8+1)>0,INDEX($B$2:$FR$174,H$1,$A8+3)>0,INDEX($B$2:$FR$174,H$1,$A8*2)>0),-2,0),Д!H8) -> 0 | I8: =IF(Д!I8=0,IF(AND(INDEX($B$2:$FR$174,I$1+1,$A8)>0,INDEX($B$2:$FR$174,I$1+3,$A8)>0,INDEX($B$2:$FR$174,I$1*2,$A8)>0,INDEX($B$2:$FR$174,I$1,$A8+1)>0,INDEX($B$2:$FR$174,I$1,$A8+3)>0,INDEX($B$2:$FR$174,I$1,$A8*2)>0),-2,0),Д!I8) -> 0 | ... FR8: =IF(Д!FR8=0,IF(AND(INDEX($B$2:$FR$174,FR$1+1,$A8)>0,INDEX($B$2:$FR$174,FR$1+3,$A8)>0,INDEX($B$2:$FR$174,FR$1*2,$A8)>0,INDEX($B$2:$FR$174,FR$1,$A8+1)>0,INDEX($B$2:$FR$174,FR$1,$A8+3)>0,INDEX($B$2:$FR$174,FR$1,$A8*2)>0),-2,0),Д!FR8) -> 1
A9: 8 | B9: =IF(Д!B9=0,IF(AND(INDEX($B$2:$FR$174,B$1+1,$A9)>0,INDEX($B$2:$FR$174,B$1+3,$A9)>0,INDEX($B$2:$FR$174,B$1*2,$A9)>0,INDEX($B$2:$FR$174,B$1,$A9+1)>0,INDEX($B$2:$FR$174,B$1,$A9+3)>0,INDEX($B$2:$FR$174,B$1,$A9*2)>0),-2,0),Д!B9) -> 0 | C9: =IF(Д!C9=0,IF(AND(INDEX($B$2:$FR$174,C$1+1,$A9)>0,INDEX($B$2:$FR$174,C$1+3,$A9)>0,INDEX($B$2:$FR$174,C$1*2,$A9)>0,INDEX($B$2:$FR$174,C$1,$A9+1)>0,INDEX($B$2:$FR$174,C$1,$A9+3)>0,INDEX($B$2:$FR$174,C$1,$A9*2)>0),-2,0),Д!C9) -> 0 | D9: =IF(Д!D9=0,IF(AND(INDEX($B$2:$FR$174,D$1+1,$A9)>0,INDEX($B$2:$FR$174,D$1+3,$A9)>0,INDEX($B$2:$FR$174,D$1*2,$A9)>0,INDEX($B$2:$FR$174,D$1,$A9+1)>0,INDEX($B$2:$FR$174,D$1,$A9+3)>0,INDEX($B$2:$FR$174,D$1,$A9*2)>0),-2,0),Д!D9) -> 0 | E9: =IF(Д!E9=0,IF(AND(INDEX($B$2:$FR$174,E$1+1,$A9)>0,INDEX($B$2:$FR$174,E$1+3,$A9)>0,INDEX($B$2:$FR$174,E$1*2,$A9)>0,INDEX($B$2:$FR$174,E$1,$A9+1)>0,INDEX($B$2:$FR$174,E$1,$A9+3)>0,INDEX($B$2:$FR$174,E$1,$A9*2)>0),-2,0),Д!E9) -> 0 | F9: =IF(Д!F9=0,IF(AND(INDEX($B$2:$FR$174,F$1+1,$A9)>0,INDEX($B$2:$FR$174,F$1+3,$A9)>0,INDEX($B$2:$FR$174,F$1*2,$A9)>0,INDEX($B$2:$FR$174,F$1,$A9+1)>0,INDEX($B$2:$FR$174,F$1,$A9+3)>0,INDEX($B$2:$FR$174,F$1,$A9*2)>0),-2,0),Д!F9) -> 0 | G9: =IF(Д!G9=0,IF(AND(INDEX($B$2:$FR$174,G$1+1,$A9)>0,INDEX($B$2:$FR$174,G$1+3,$A9)>0,INDEX($B$2:$FR$174,G$1*2,$A9)>0,INDEX($B$2:$FR$174,G$1,$A9+1)>0,INDEX($B$2:$FR$174,G$1,$A9+3)>0,INDEX($B$2:$FR$174,G$1,$A9*2)>0),-2,0),Д!G9) -> 0 | H9: =IF(Д!H9=0,IF(AND(INDEX($B$2:$FR$174,H$1+1,$A9)>0,INDEX($B$2:$FR$174,H$1+3,$A9)>0,INDEX($B$2:$FR$174,H$1*2,$A9)>0,INDEX($B$2:$FR$174,H$1,$A9+1)>0,INDEX($B$2:$FR$174,H$1,$A9+3)>0,INDEX($B$2:$FR$174,H$1,$A9*2)>0),-2,0),Д!H9) -> 0 | I9: =IF(Д!I9=0,IF(AND(INDEX($B$2:$FR$174,I$1+1,$A9)>0,INDEX($B$2:$FR$174,I$1+3,$A9)>0,INDEX($B$2:$FR$174,I$1*2,$A9)>0,INDEX($B$2:$FR$174,I$1,$A9+1)>0,INDEX($B$2:$FR$174,I$1,$A9+3)>0,INDEX($B$2:$FR$174,I$1,$A9*2)>0),-2,0),Д!I9) -> 0 | ... FR9: =IF(Д!FR9=0,IF(AND(INDEX($B$2:$FR$174,FR$1+1,$A9)>0,INDEX($B$2:$FR$174,FR$1+3,$A9)>0,INDEX($B$2:$FR$174,FR$1*2,$A9)>0,INDEX($B$2:$FR$174,FR$1,$A9+1)>0,INDEX($B$2:$FR$174,FR$1,$A9+3)>0,INDEX($B$2:$FR$174,FR$1,$A9*2)>0),-2,0),Д!FR9) -> 1
A10: 9 | B10: =IF(Д!B10=0,IF(AND(INDEX($B$2:$FR$174,B$1+1,$A10)>0,INDEX($B$2:$FR$174,B$1+3,$A10)>0,INDEX($B$2:$FR$174,B$1*2,$A10)>0,INDEX($B$2:$FR$174,B$1,$A10+1)>0,INDEX($B$2:$FR$174,B$1,$A10+3)>0,INDEX($B$2:$FR$174,B$1,$A10*2)>0),-2,0),Д!B10) -> 0 | C10: =IF(Д!C10=0,IF(AND(INDEX($B$2:$FR$174,C$1+1,$A10)>0,INDEX($B$2:$FR$174,C$1+3,$A10)>0,INDEX($B$2:$FR$174,C$1*2,$A10)>0,INDEX($B$2:$FR$174,C$1,$A10+1)>0,INDEX($B$2:$FR$174,C$1,$A10+3)>0,INDEX($B$2:$FR$174,C$1,$A10*2)>0),-2,0),Д!C10) -> 0 | D10: =IF(Д!D10=0,IF(AND(INDEX($B$2:$FR$174,D$1+1,$A10)>0,INDEX($B$2:$FR$174,D$1+3,$A10)>0,INDEX($B$2:$FR$174,D$1*2,$A10)>0,INDEX($B$2:$FR$174,D$1,$A10+1)>0,INDEX($B$2:$FR$174,D$1,$A10+3)>0,INDEX($B$2:$FR$174,D$1,$A10*2)>0),-2,0),Д!D10) -> 0 | E10: =IF(Д!E10=0,IF(AND(INDEX($B$2:$FR$174,E$1+1,$A10)>0,INDEX($B$2:$FR$174,E$1+3,$A10)>0,INDEX($B$2:$FR$174,E$1*2,$A10)>0,INDEX($B$2:$FR$174,E$1,$A10+1)>0,INDEX($B$2:$FR$174,E$1,$A10+3)>0,INDEX($B$2:$FR$174,E$1,$A10*2)>0),-2,0),Д!E10) -> 0 | F10: =IF(Д!F10=0,IF(AND(INDEX($B$2:$FR$174,F$1+1,$A10)>0,INDEX($B$2:$FR$174,F$1+3,$A10)>0,INDEX($B$2:$FR$174,F$1*2,$A10)>0,INDEX($B$2:$FR$174,F$1,$A10+1)>0,INDEX($B$2:$FR$174,F$1,$A10+3)>0,INDEX($B$2:$FR$174,F$1,$A10*2)>0),-2,0),Д!F10) -> 0 | G10: =IF(Д!G10=0,IF(AND(INDEX($B$2:$FR$174,G$1+1,$A10)>0,INDEX($B$2:$FR$174,G$1+3,$A10)>0,INDEX($B$2:$FR$174,G$1*2,$A10)>0,INDEX($B$2:$FR$174,G$1,$A10+1)>0,INDEX($B$2:$FR$174,G$1,$A10+3)>0,INDEX($B$2:$FR$174,G$1,$A10*2)>0),-2,0),Д!G10) -> 0 | H10: =IF(Д!H10=0,IF(AND(INDEX($B$2:$FR$174,H$1+1,$A10)>0,INDEX($B$2:$FR$174,H$1+3,$A10)>0,INDEX($B$2:$FR$174,H$1*2,$A10)>0,INDEX($B$2:$FR$174,H$1,$A10+1)>0,INDEX($B$2:$FR$174,H$1,$A10+3)>0,INDEX($B$2:$FR$174,H$1,$A10*2)>0),-2,0),Д!H10) -> 0 | I10: =IF(Д!I10=0,IF(AND(INDEX($B$2:$FR$174,I$1+1,$A10)>0,INDEX($B$2:$FR$174,I$1+3,$A10)>0,INDEX($B$2:$FR$174,I$1*2,$A10)>0,INDEX($B$2:$FR$174,I$1,$A10+1)>0,INDEX($B$2:$FR$174,I$1,$A10+3)>0,INDEX($B$2:$FR$174,I$1,$A10*2)>0),-2,0),Д!I10) -> 0 | ... FR10: =IF(Д!FR10=0,IF(AND(INDEX($B$2:$FR$174,FR$1+1,$A10)>0,INDEX($B$2:$FR$174,FR$1+3,$A10)>0,INDEX($B$2:$FR$174,FR$1*2,$A10)>0,INDEX($B$2:$FR$174,FR$1,$A10+1)>0,INDEX($B$2:$FR$174,FR$1,$A10+3)>0,INDEX($B$2:$FR$174,FR$1,$A10*2)>0),-2,0),Д!FR10) -> 1
A11: 10 | B11: =IF(Д!B11=0,IF(AND(INDEX($B$2:$FR$174,B$1+1,$A11)>0,INDEX($B$2:$FR$174,B$1+3,$A11)>0,INDEX($B$2:$FR$174,B$1*2,$A11)>0,INDEX($B$2:$FR$174,B$1,$A11+1)>0,INDEX($B$2:$FR$174,B$1,$A11+3)>0,INDEX($B$2:$FR$174,B$1,$A11*2)>0),-2,0),Д!B11) -> 0 | C11: =IF(Д!C11=0,IF(AND(INDEX($B$2:$FR$174,C$1+1,$A11)>0,INDEX($B$2:$FR$174,C$1+3,$A11)>0,INDEX($B$2:$FR$174,C$1*2,$A11)>0,INDEX($B$2:$FR$174,C$1,$A11+1)>0,INDEX($B$2:$FR$174,C$1,$A11+3)>0,INDEX($B$2:$FR$174,C$1,$A11*2)>0),-2,0),Д!C11) -> 0 | D11: =IF(Д!D11=0,IF(AND(INDEX($B$2:$FR$174,D$1+1,$A11)>0,INDEX($B$2:$FR$174,D$1+3,$A11)>0,INDEX($B$2:$FR$174,D$1*2,$A11)>0,INDEX($B$2:$FR$174,D$1,$A11+1)>0,INDEX($B$2:$FR$174,D$1,$A11+3)>0,INDEX($B$2:$FR$174,D$1,$A11*2)>0),-2,0),Д!D11) -> 0 | E11: =IF(Д!E11=0,IF(AND(INDEX($B$2:$FR$174,E$1+1,$A11)>0,INDEX($B$2:$FR$174,E$1+3,$A11)>0,INDEX($B$2:$FR$174,E$1*2,$A11)>0,INDEX($B$2:$FR$174,E$1,$A11+1)>0,INDEX($B$2:$FR$174,E$1,$A11+3)>0,INDEX($B$2:$FR$174,E$1,$A11*2)>0),-2,0),Д!E11) -> 0 | F11: =IF(Д!F11=0,IF(AND(INDEX($B$2:$FR$174,F$1+1,$A11)>0,INDEX($B$2:$FR$174,F$1+3,$A11)>0,INDEX($B$2:$FR$174,F$1*2,$A11)>0,INDEX($B$2:$FR$174,F$1,$A11+1)>0,INDEX($B$2:$FR$174,F$1,$A11+3)>0,INDEX($B$2:$FR$174,F$1,$A11*2)>0),-2,0),Д!F11) -> 0 | G11: =IF(Д!G11=0,IF(AND(INDEX($B$2:$FR$174,G$1+1,$A11)>0,INDEX($B$2:$FR$174,G$1+3,$A11)>0,INDEX($B$2:$FR$174,G$1*2,$A11)>0,INDEX($B$2:$FR$174,G$1,$A11+1)>0,INDEX($B$2:$FR$174,G$1,$A11+3)>0,INDEX($B$2:$FR$174,G$1,$A11*2)>0),-2,0),Д!G11) -> 0 | H11: =IF(Д!H11=0,IF(AND(INDEX($B$2:$FR$174,H$1+1,$A11)>0,INDEX($B$2:$FR$174,H$1+3,$A11)>0,INDEX($B$2:$FR$174,H$1*2,$A11)>0,INDEX($B$2:$FR$174,H$1,$A11+1)>0,INDEX($B$2:$FR$174,H$1,$A11+3)>0,INDEX($B$2:$FR$174,H$1,$A11*2)>0),-2,0),Д!H11) -> 0 | I11: =IF(Д!I11=0,IF(AND(INDEX($B$2:$FR$174,I$1+1,$A11)>0,INDEX($B$2:$FR$174,I$1+3,$A11)>0,INDEX($B$2:$FR$174,I$1*2,$A11)>0,INDEX($B$2:$FR$174,I$1,$A11+1)>0,INDEX($B$2:$FR$174,I$1,$A11+3)>0,INDEX($B$2:$FR$174,I$1,$A11*2)>0),-2,0),Д!I11) -> 0 | ... FR11: =IF(Д!FR11=0,IF(AND(INDEX($B$2:$FR$174,FR$1+1,$A11)>0,INDEX($B$2:$FR$174,FR$1+3,$A11)>0,INDEX($B$2:$FR$174,FR$1*2,$A11)>0,INDEX($B$2:$FR$174,FR$1,$A11+1)>0,INDEX($B$2:$FR$174,FR$1,$A11+3)>0,INDEX($B$2:$FR$174,FR$1,$A11*2)>0),-2,0),Д!FR11) -> 1
A12: 11 | B12: =IF(Д!B12=0,IF(AND(INDEX($B$2:$FR$174,B$1+1,$A12)>0,INDEX($B$2:$FR$174,B$1+3,$A12)>0,INDEX($B$2:$FR$174,B$1*2,$A12)>0,INDEX($B$2:$FR$174,B$1,$A12+1)>0,INDEX($B$2:$FR$174,B$1,$A12+3)>0,INDEX($B$2:$FR$174,B$1,$A12*2)>0),-2,0),Д!B12) -> 0 | C12: =IF(Д!C12=0,IF(AND(INDEX($B$2:$FR$174,C$1+1,$A12)>0,INDEX($B$2:$FR$174,C$1+3,$A12)>0,INDEX($B$2:$FR$174,C$1*2,$A12)>0,INDEX($B$2:$FR$174,C$1,$A12+1)>0,INDEX($B$2:$FR$174,C$1,$A12+3)>0,INDEX($B$2:$FR$174,C$1,$A12*2)>0),-2,0),Д!C12) -> 0 | D12: =IF(Д!D12=0,IF(AND(INDEX($B$2:$FR$174,D$1+1,$A12)>0,INDEX($B$2:$FR$174,D$1+3,$A12)>0,INDEX($B$2:$FR$174,D$1*2,$A12)>0,INDEX($B$2:$FR$174,D$1,$A12+1)>0,INDEX($B$2:$FR$174,D$1,$A12+3)>0,INDEX($B$2:$FR$174,D$1,$A12*2)>0),-2,0),Д!D12) -> 0 | E12: =IF(Д!E12=0,IF(AND(INDEX($B$2:$FR$174,E$1+1,$A12)>0,INDEX($B$2:$FR$174,E$1+3,$A12)>0,INDEX($B$2:$FR$174,E$1*2,$A12)>0,INDEX($B$2:$FR$174,E$1,$A12+1)>0,INDEX($B$2:$FR$174,E$1,$A12+3)>0,INDEX($B$2:$FR$174,E$1,$A12*2)>0),-2,0),Д!E12) -> 0 | F12: =IF(Д!F12=0,IF(AND(INDEX($B$2:$FR$174,F$1+1,$A12)>0,INDEX($B$2:$FR$174,F$1+3,$A12)>0,INDEX($B$2:$FR$174,F$1*2,$A12)>0,INDEX($B$2:$FR$174,F$1,$A12+1)>0,INDEX($B$2:$FR$174,F$1,$A12+3)>0,INDEX($B$2:$FR$174,F$1,$A12*2)>0),-2,0),Д!F12) -> 0 | G12: =IF(Д!G12=0,IF(AND(INDEX($B$2:$FR$174,G$1+1,$A12)>0,INDEX($B$2:$FR$174,G$1+3,$A12)>0,INDEX($B$2:$FR$174,G$1*2,$A12)>0,INDEX($B$2:$FR$174,G$1,$A12+1)>0,INDEX($B$2:$FR$174,G$1,$A12+3)>0,INDEX($B$2:$FR$174,G$1,$A12*2)>0),-2,0),Д!G12) -> 0 | H12: =IF(Д!H12=0,IF(AND(INDEX($B$2:$FR$174,H$1+1,$A12)>0,INDEX($B$2:$FR$174,H$1+3,$A12)>0,INDEX($B$2:$FR$174,H$1*2,$A12)>0,INDEX($B$2:$FR$174,H$1,$A12+1)>0,INDEX($B$2:$FR$174,H$1,$A12+3)>0,INDEX($B$2:$FR$174,H$1,$A12*2)>0),-2,0),Д!H12) -> 0 | I12: =IF(Д!I12=0,IF(AND(INDEX($B$2:$FR$174,I$1+1,$A12)>0,INDEX($B$2:$FR$174,I$1+3,$A12)>0,INDEX($B$2:$FR$174,I$1*2,$A12)>0,INDEX($B$2:$FR$174,I$1,$A12+1)>0,INDEX($B$2:$FR$174,I$1,$A12+3)>0,INDEX($B$2:$FR$174,I$1,$A12*2)>0),-2,0),Д!I12) -> 0 | ... FR12: =IF(Д!FR12=0,IF(AND(INDEX($B$2:$FR$174,FR$1+1,$A12)>0,INDEX($B$2:$FR$174,FR$1+3,$A12)>0,INDEX($B$2:$FR$174,FR$1*2,$A12)>0,INDEX($B$2:$FR$174,FR$1,$A12+1)>0,INDEX($B$2:$FR$174,FR$1,$A12+3)>0,INDEX($B$2:$FR$174,FR$1,$A12*2)>0),-2,0),Д!FR12) -> 1
A13: 12 | B13: =IF(Д!B13=0,IF(AND(INDEX($B$2:$FR$174,B$1+1,$A13)>0,INDEX($B$2:$FR$174,B$1+3,$A13)>0,INDEX($B$2:$FR$174,B$1*2,$A13)>0,INDEX($B$2:$FR$174,B$1,$A13+1)>0,INDEX($B$2:$FR$174,B$1,$A13+3)>0,INDEX($B$2:$FR$174,B$1,$A13*2)>0),-2,0),Д!B13) -> 0 | C13: =IF(Д!C13=0,IF(AND(INDEX($B$2:$FR$174,C$1+1,$A13)>0,INDEX($B$2:$FR$174,C$1+3,$A13)>0,INDEX($B$2:$FR$174,C$1*2,$A13)>0,INDEX($B$2:$FR$174,C$1,$A13+1)>0,INDEX($B$2:$FR$174,C$1,$A13+3)>0,INDEX($B$2:$FR$174,C$1,$A13*2)>0),-2,0),Д!C13) -> 0 | D13: =IF(Д!D13=0,IF(AND(INDEX($B$2:$FR$174,D$1+1,$A13)>0,INDEX($B$2:$FR$174,D$1+3,$A13)>0,INDEX($B$2:$FR$174,D$1*2,$A13)>0,INDEX($B$2:$FR$174,D$1,$A13+1)>0,INDEX($B$2:$FR$174,D$1,$A13+3)>0,INDEX($B$2:$FR$174,D$1,$A13*2)>0),-2,0),Д!D13) -> 0 | E13: =IF(Д!E13=0,IF(AND(INDEX($B$2:$FR$174,E$1+1,$A13)>0,INDEX($B$2:$FR$174,E$1+3,$A13)>0,INDEX($B$2:$FR$174,E$1*2,$A13)>0,INDEX($B$2:$FR$174,E$1,$A13+1)>0,INDEX($B$2:$FR$174,E$1,$A13+3)>0,INDEX($B$2:$FR$174,E$1,$A13*2)>0),-2,0),Д!E13) -> 0 | F13: =IF(Д!F13=0,IF(AND(INDEX($B$2:$FR$174,F$1+1,$A13)>0,INDEX($B$2:$FR$174,F$1+3,$A13)>0,INDEX($B$2:$FR$174,F$1*2,$A13)>0,INDEX($B$2:$FR$174,F$1,$A13+1)>0,INDEX($B$2:$FR$174,F$1,$A13+3)>0,INDEX($B$2:$FR$174,F$1,$A13*2)>0),-2,0),Д!F13) -> 0 | G13: =IF(Д!G13=0,IF(AND(INDEX($B$2:$FR$174,G$1+1,$A13)>0,INDEX($B$2:$FR$174,G$1+3,$A13)>0,INDEX($B$2:$FR$174,G$1*2,$A13)>0,INDEX($B$2:$FR$174,G$1,$A13+1)>0,INDEX($B$2:$FR$174,G$1,$A13+3)>0,INDEX($B$2:$FR$174,G$1,$A13*2)>0),-2,0),Д!G13) -> 0 | H13: =IF(Д!H13=0,IF(AND(INDEX($B$2:$FR$174,H$1+1,$A13)>0,INDEX($B$2:$FR$174,H$1+3,$A13)>0,INDEX($B$2:$FR$174,H$1*2,$A13)>0,INDEX($B$2:$FR$174,H$1,$A13+1)>0,INDEX($B$2:$FR$174,H$1,$A13+3)>0,INDEX($B$2:$FR$174,H$1,$A13*2)>0),-2,0),Д!H13) -> 0 | I13: =IF(Д!I13=0,IF(AND(INDEX($B$2:$FR$174,I$1+1,$A13)>0,INDEX($B$2:$FR$174,I$1+3,$A13)>0,INDEX($B$2:$FR$174,I$1*2,$A13)>0,INDEX($B$2:$FR$174,I$1,$A13+1)>0,INDEX($B$2:$FR$174,I$1,$A13+3)>0,INDEX($B$2:$FR$174,I$1,$A13*2)>0),-2,0),Д!I13) -> 0 | ... FR13: =IF(Д!FR13=0,IF(AND(INDEX($B$2:$FR$174,FR$1+1,$A13)>0,INDEX($B$2:$FR$174,FR$1+3,$A13)>0,INDEX($B$2:$FR$174,FR$1*2,$A13)>0,INDEX($B$2:$FR$174,FR$1,$A13+1)>0,INDEX($B$2:$FR$174,FR$1,$A13+3)>0,INDEX($B$2:$FR$174,FR$1,$A13*2)>0),-2,0),Д!FR13) -> 1
... A174: 173 | B174: =IF(Д!B174=0,IF(AND(INDEX($B$2:$FR$174,B$1+1,$A174)>0,INDEX($B$2:$FR$174,B$1+3,$A174)>0,INDEX($B$2:$FR$174,B$1*2,$A174)>0,INDEX($B$2:$FR$174,B$1,$A174+1)>0,INDEX($B$2:$FR$174,B$1,$A174+3)>0,INDEX($B$2:$FR$174,B$1,$A174*2)>0),-2,0),Д!B174) -> 1 | C174: =IF(Д!C174=0,IF(AND(INDEX($B$2:$FR$174,C$1+1,$A174)>0,INDEX($B$2:$FR$174,C$1+3,$A174)>0,INDEX($B$2:$FR$174,C$1*2,$A174)>0,INDEX($B$2:$FR$174,C$1,$A174+1)>0,INDEX($B$2:$FR$174,C$1,$A174+3)>0,INDEX($B$2:$FR$174,C$1,$A174*2)>0),-2,0),Д!C174) -> 1 | D174: =IF(Д!D174=0,IF(AND(INDEX($B$2:$FR$174,D$1+1,$A174)>0,INDEX($B$2:$FR$174,D$1+3,$A174)>0,INDEX($B$2:$FR$174,D$1*2,$A174)>0,INDEX($B$2:$FR$174,D$1,$A174+1)>0,INDEX($B$2:$FR$174,D$1,$A174+3)>0,INDEX($B$2:$FR$174,D$1,$A174*2)>0),-2,0),Д!D174) -> 1 | E174: =IF(Д!E174=0,IF(AND(INDEX($B$2:$FR$174,E$1+1,$A174)>0,INDEX($B$2:$FR$174,E$1+3,$A174)>0,INDEX($B$2:$FR$174,E$1*2,$A174)>0,INDEX($B$2:$FR$174,E$1,$A174+1)>0,INDEX($B$2:$FR$174,E$1,$A174+3)>0,INDEX($B$2:$FR$174,E$1,$A174*2)>0),-2,0),Д!E174) -> 1 | F174: =IF(Д!F174=0,IF(AND(INDEX($B$2:$FR$174,F$1+1,$A174)>0,INDEX($B$2:$FR$174,F$1+3,$A174)>0,INDEX($B$2:$FR$174,F$1*2,$A174)>0,INDEX($B$2:$FR$174,F$1,$A174+1)>0,INDEX($B$2:$FR$174,F$1,$A174+3)>0,INDEX($B$2:$FR$174,F$1,$A174*2)>0),-2,0),Д!F174) -> 1 | G174: =IF(Д!G174=0,IF(AND(INDEX($B$2:$FR$174,G$1+1,$A174)>0,INDEX($B$2:$FR$174,G$1+3,$A174)>0,INDEX($B$2:$FR$174,G$1*2,$A174)>0,INDEX($B$2:$FR$174,G$1,$A174+1)>0,INDEX($B$2:$FR$174,G$1,$A174+3)>0,INDEX($B$2:$FR$174,G$1,$A174*2)>0),-2,0),Д!G174) -> 1 | H174: =IF(Д!H174=0,IF(AND(INDEX($B$2:$FR$174,H$1+1,$A174)>0,INDEX($B$2:$FR$174,H$1+3,$A174)>0,INDEX($B$2:$FR$174,H$1*2,$A174)>0,INDEX($B$2:$FR$174,H$1,$A174+1)>0,INDEX($B$2:$FR$174,H$1,$A174+3)>0,INDEX($B$2:$FR$174,H$1,$A174*2)>0),-2,0),Д!H174) -> 1 | I174: =IF(Д!I174=0,IF(AND(INDEX($B$2:$FR$174,I$1+1,$A174)>0,INDEX($B$2:$FR$174,I$1+3,$A174)>0,INDEX($B$2:$FR$174,I$1*2,$A174)>0,INDEX($B$2:$FR$174,I$1,$A174+1)>0,INDEX($B$2:$FR$174,I$1,$A174+3)>0,INDEX($B$2:$FR$174,I$1,$A174*2)>0),-2,0),Д!I174) -> 1 | ... FR174: =IF(Д!FR174=0,IF(AND(INDEX($B$2:$FR$174,FR$1+1,$A174)>0,INDEX($B$2:$FR$174,FR$1+3,$A174)>0,INDEX($B$2:$FR$174,FR$1*2,$A174)>0,INDEX($B$2:$FR$174,FR$1,$A174+1)>0,INDEX($B$2:$FR$174,FR$1,$A174+3)>0,INDEX($B$2:$FR$174,FR$1,$A174*2)>0),-2,0),Д!FR174) -> 1

Sheet Д
B1: 1 | C1: 2 | D1: 3 | E1: 4 | F1: 5 | G1: 6 | H1: 7 | I1: 8 | J1: 9 | K1: 10 | L1: 11 | M1: 12 | N1: 13 | O1: 14 | P1: 15 | Q1: 16 | R1: 17 | S1: 18 | T1: 19 | U1: 20 | V1: 21 | W1: 22 | X1: 23 | Y1: 24 | Z1: 25 | AA1: 26 | AB1: 27 | AC1: 28 | AD1: 29 | AE1: 30 | AF1: 31 | AG1: 32 | AH1: 33 | AI1: 34 | AJ1: 35 | AK1: 36 | AL1: 37 | AM1: 38 | AN1: 39 | AO1: 40 | AP1: 41 | AQ1: 42 | AR1: 43 | AS1: 44 | AT1: 45 | AU1: 46 | AV1: 47 | AW1: 48 | AX1: 49 | AY1: 50 | AZ1: 51 | BA1: 52 | BB1: 53 | BC1: 54 | BD1: 55 | BE1: 56 | BF1: 57 | BG1: 58 | BH1: 59 | BI1: 60 | BJ1: 61 | BK1: 62 | BL1: 63 | BM1: 64 | BN1: 65 | BO1: 66 | BP1: 67 | BQ1: 68 | BR1: 69 | BS1: 70 | BT1: 71 | BU1: 72 | BV1: 73 | BW1: 74 | BX1: 75 | BY1: 76 | BZ1: 77 | CA1: 78 | CB1: 79 | CC1: 80 | CD1: 81 | CE1: 82 | CF1: 83 | CG1: 84 | CH1: 85 | CI1: 86 | CJ1: 87 | CK1: 88 | CL1: 89 | CM1: 90 | CN1: 91 | CO1: 92 | CP1: 93 | CQ1: 94 | CR1: 95 | CS1: 96 | CT1: 97 | CU1: 98 | CV1: 99 | CW1: 100 | CX1: 101 | CY1: 102 | CZ1: 103 | DA1: 104 | DB1: 105 | DC1: 106 | DD1: 107 | DE1: 108 | DF1: 109 | DG1: 110 | DH1: 111 | DI1: 112 | DJ1: 113 | DK1: 114 | DL1: 115 | DM1: 116 | DN1: 117 | DO1: 118 | DP1: 119 | DQ1: 120 | DR1: 121 | DS1: 122 | DT1: 123 | DU1: 124 | DV1: 125 | DW1: 126 | DX1: 127 | DY1: 128 | DZ1: 129 | EA1: 130 | EB1: 131 | EC1: 132 | ED1: 133 | EE1: 134 | EF1: 135 | EG1: 136 | EH1: 137 | EI1: 138 | EJ1: 139 | EK1: 140 | EL1: 141 | EM1: 142 | EN1: 143 | EO1: 144 | EP1: 145 | EQ1: 146 | ER1: 147 | ES1: 148 | ET1: 149 | EU1: 150 | EV1: 151 | EW1: 152 | EX1: 153 | EY1: 154 | EZ1: 155 | FA1: 156 | FB1: 157 | FC1: 158 | FD1: 159 | FE1: 160 | FF1: 161 | FG1: 162 | FH1: 163 | FI1: 164 | FJ1: 165 | FK1: 166 | FL1: 167 | FM1: 168 | FN1: 169 | FO1: 170 | FP1: 171 | FQ1: 172 | FR1: 173
A2: 1 | B2: 0 | C2: 0 | D2: 0 | E2: 0 | F2: 0 | G2: 0 | H2: 0 | I2: 0 | J2: 0 | K2: 0 | L2: 0 | M2: 0 | N2: 0 | O2: 0 | P2: 0 | Q2: 0 | R2: 0 | S2: 0 | T2: 0 | U2: 0 | V2: 0 | W2: 0 | X2: 0 | Y2: 0 | Z2: 0 | AA2: 0 | AB2: 0 | AC2: 0 | AD2: 0 | AE2: 0 | AF2: 0 | AG2: 0 | AH2: 0 | AI2: 0 | AJ2: 0 | AK2: 0 | AL2: 0 | AM2: 0 | AN2: 0 | AO2: 0 | AP2: 0 | AQ2: 0 | AR2: 2 | AS2: 0 | AT2: 0 | AU2: 0 | AV2: 0 | AW2: 0 | AX2: 0 | AY2: 0 | AZ2: 0 | BA2: 0 | BB2: 0 | BC2: 0 | BD2: 0 | BE2: 0 | BF2: 0 | BG2: 0 | BH2: 0 | BI2: 0 | BJ2: 0 | BK2: 0 | BL2: 0 | BM2: 0 | BN2: 0 | BO2: 0 | BP2: 0 | BQ2: 0 | BR2: 0 | BS2: 0 | BT2: 0 | BU2: 0 | BV2: 0 | BW2: 0 | BX2: 0 | BY2: 0 | BZ2: 0 | CA2: 0 | CB2: 0 | CC2: 0 | CD2: 0 | CE2: 0 | CF2: 2 | CG2: 0 | CH2: 2 | CI2: -1 | CJ2: 1 | CK2: 1 | CL2: 1 | CM2: 1 | CN2: 1 | CO2: 1 | CP2: 1 | CQ2: 1 | CR2: 1 | CS2: 1 | CT2: 1 | CU2: 1 | CV2: 1 | CW2: 1 | CX2: 1 | CY2: 1 | CZ2: 1 | DA2: 1 | DB2: 1 | DC2: 1 | DD2: 1 | DE2: 1 | DF2: 1 | DG2: 1 | DH2: 1 | DI2: 1 | DJ2: 1 | DK2: 1 | DL2: 1 | DM2: 1 | DN2: 1 | DO2: 1 | DP2: 1 | DQ2: 1 | DR2: 1 | DS2: 1 | DT2: 1 | DU2: 1 | DV2: 1 | DW2: 1 | DX2: 1 | DY2: 1 | DZ2: 1 | EA2: 1 | EB2: 1 | EC2: 1 | ED2: 1 | EE2: 1 | EF2: 1 | EG2: 1 | EH2: 1 | EI2: 1 | EJ2: 1 | EK2: 1 | EL2: 1 | EM2: 1 | EN2: 1 | EO2: 1 | EP2: 1 | EQ2: 1 | ER2: 1 | ES2: 1 | ET2: 1 | EU2: 1 | EV2: 1 | EW2: 1 | EX2: 1 | EY2: 1 | EZ2: 1 | FA2: 1 | FB2: 1 | FC2: 1 | FD2: 1 | FE2: 1 | FF2: 1 | FG2: 1 | FH2: 1 | FI2: 1 | FJ2: 1 | FK2: 1 | FL2: 1 | FM2: 1 | FN2: 1 | FO2: 1 | FP2: 1 | FQ2: 1 | FR2: 1
A3: 2 | B3: 0 | C3: 0 | D3: 0 | E3: 0 | F3: 0 | G3: 0 | H3: 0 | I3: 0 | J3: 0 | K3: 0 | L3: 0 | M3: 0 | N3: 0 | O3: 0 | P3: 0 | Q3: 0 | R3: 0 | S3: 0 | T3: 0 | U3: 0 | V3: 0 | W3: 0 | X3: 0 | Y3: 0 | Z3: 0 | AA3: 0 | AB3: 0 | AC3: 0 | AD3: 0 | AE3: 0 | AF3: 0 | AG3: 0 | AH3: 0 | AI3: 0 | AJ3: 0 | AK3: 0 | AL3: 0 | AM3: 0 | AN3: 0 | AO3: 0 | AP3: 0 | AQ3: 0 | AR3: 0 | AS3: 0 | AT3: 0 | AU3: 0 | AV3: 0 | AW3: 0 | AX3: 0 | AY3: 0 | AZ3: 0 | BA3: 0 | BB3: 0 | BC3: 0 | BD3: 0 | BE3: 0 | BF3: 0 | BG3: 0 | BH3: 0 | BI3: 0 | BJ3: 0 | BK3: 0 | BL3: 0 | BM3: 0 | BN3: 0 | BO3: 0 | BP3: 0 | BQ3: 0 | BR3: 0 | BS3: 0 | BT3: 0 | BU3: 0 | BV3: 0 | BW3: 0 | BX3: 0 | BY3: 0 | BZ3: 0 | CA3: 0 | CB3: 0 | CC3: 0 | CD3: 0 | CE3: 0 | CF3: 0 | CG3: 2 | CH3: 2 | CI3: 1 | CJ3: 1 | CK3: 1 | CL3: 1 | CM3: 1 | CN3: 1 | CO3: 1 | CP3: 1 | CQ3: 1 | CR3: 1 | CS3: 1 | CT3: 1 | CU3: 1 | CV3: 1 | CW3: 1 | CX3: 1 | CY3: 1 | CZ3: 1 | DA3: 1 | DB3: 1 | DC3: 1 | DD3: 1 | DE3: 1 | DF3: 1 | DG3: 1 | DH3: 1 | DI3: 1 | DJ3: 1 | DK3: 1 | DL3: 1 | DM3: 1 | DN3: 1 | DO3: 1 | DP3: 1 | DQ3: 1 | DR3: 1 | DS3: 1 | DT3: 1 | DU3: 1 | DV3: 1 | DW3: 1 | DX3: 1 | DY3: 1 | DZ3: 1 | EA3: 1 | EB3: 1 | EC3: 1 | ED3: 1 | EE3: 1 | EF3: 1 | EG3: 1 | EH3: 1 | EI3: 1 | EJ3: 1 | EK3: 1 | EL3: 1 | EM3: 1 | EN3: 1 | EO3: 1 | EP3: 1 | EQ3: 1 | ER3: 1 | ES3: 1 | ET3: 1 | EU3: 1 | EV3: 1 | EW3: 1 | EX3: 1 | EY3: 1 | EZ3: 1 | FA3: 1 | FB3: 1 | FC3: 1 | FD3: 1 | FE3: 1 | FF3: 1 | FG3: 1 | FH3: 1 | FI3: 1 | FJ3: 1 | FK3: 1 | FL3: 1 | FM3: 1 | FN3: 1 | FO3: 1 | FP3: 1 | FQ3: 1 | FR3: 1
A4: 3 | B4: 0 | C4: 0 | D4: 0 | E4: 0 | F4: 0 | G4: 0 | H4: 0 | I4: 0 | J4: 0 | K4: 0 | L4: 0 | M4: 0 | N4: 0 | O4: 0 | P4: 0 | Q4: 0 | R4: 0 | S4: 0 | T4: 0 | U4: 0 | V4: 0 | W4: 0 | X4: 0 | Y4: 0 | Z4: 0 | AA4: 0 | AB4: 0 | AC4: 0 | AD4: 0 | AE4: 0 | AF4: 0 | AG4: 0 | AH4: 0 | AI4: 0 | AJ4: 0 | AK4: 0 | AL4: 0 | AM4: 0 | AN4: 0 | AO4: 0 | AP4: 0 | AQ4: 0 | AR4: 0 | AS4: 0 | AT4: 0 | AU4: 0 | AV4: 0 | AW4: 0 | AX4: 0 | AY4: 0 | AZ4: 0 | BA4: 0 | BB4: 0 | BC4: 0 | BD4: 0 | BE4: 0 | BF4: 0 | BG4: 0 | BH4: 0 | BI4: 0 | BJ4: 0 | BK4: 0 | BL4: 0 | BM4: 0 | BN4: 0 | BO4: 0 | BP4: 0 | BQ4: 0 | BR4: 0 | BS4: 0 | BT4: 0 | BU4: 0 | BV4: 0 | BW4: 0 | BX4: 0 | BY4: 0 | BZ4: 0 | CA4: 0 | CB4: 0 | CC4: 0 | CD4: 0 | CE4: 2 | CF4: 0 | CG4: 2 | CH4: -1 | CI4: 1 | CJ4: 1 | CK4: 1 | CL4: 1 | CM4: 1 | CN4: 1 | CO4: 1 | CP4: 1 | CQ4: 1 | CR4: 1 | CS4: 1 | CT4: 1 | CU4: 1 | CV4: 1 | CW4: 1 | CX4: 1 | CY4: 1 | CZ4: 1 | DA4: 1 | DB4: 1 | DC4: 1 | DD4: 1 | DE4: 1 | DF4: 1 | DG4: 1 | DH4: 1 | DI4: 1 | DJ4: 1 | DK4: 1 | DL4: 1 | DM4: 1 | DN4: 1 | DO4: 1 | DP4: 1 | DQ4: 1 | DR4: 1 | DS4: 1 | DT4: 1 | DU4: 1 | DV4: 1 | DW4: 1 | DX4: 1 | DY4: 1 | DZ4: 1 | EA4: 1 | EB4: 1 | EC4: 1 | ED4: 1 | EE4: 1 | EF4: 1 | EG4: 1 | EH4: 1 | EI4: 1 | EJ4: 1 | EK4: 1 | EL4: 1 | EM4: 1 | EN4: 1 | EO4: 1 | EP4: 1 | EQ4: 1 | ER4: 1 | ES4: 1 | ET4: 1 | EU4: 1 | EV4: 1 | EW4: 1 | EX4: 1 | EY4: 1 | EZ4: 1 | FA4: 1 | FB4: 1 | FC4: 1 | FD4: 1 | FE4: 1 | FF4: 1 | FG4: 1 | FH4: 1 | FI4: 1 | FJ4: 1 | FK4: 1 | FL4: 1 | FM4: 1 | FN4: 1 | FO4: 1 | FP4: 1 | FQ4: 1 | FR4: 1
A5: 4 | B5: 0 | C5: 0 | D5: 0 | E5: 0 | F5: 0 | G5: 0 | H5: 0 | I5: 0 | J5: 0 | K5: 0 | L5: 0 | M5: 0 | N5: 0 | O5: 0 | P5: 0 | Q5: 0 | R5: 0 | S5: 0 | T5: 0 | U5: 0 | V5: 0 | W5: 0 | X5: 0 | Y5: 0 | Z5: 0 | AA5: 0 | AB5: 0 | AC5: 0 | AD5: 0 | AE5: 0 | AF5: 0 | AG5: 0 | AH5: 0 | AI5: 0 | AJ5: 0 | AK5: 0 | AL5: 0 | AM5: 0 | AN5: 0 | AO5: 0 | AP5: 0 | AQ5: 0 | AR5: 0 | AS5: 0 | AT5: 0 | AU5: 0 | AV5: 0 | AW5: 0 | AX5: 0 | AY5: 0 | AZ5: 0 | BA5: 0 | BB5: 0 | BC5: 0 | BD5: 0 | BE5: 0 | BF5: 0 | BG5: 0 | BH5: 0 | BI5: 0 | BJ5: 0 | BK5: 0 | BL5: 0 | BM5: 0 | BN5: 0 | BO5: 0 | BP5: 0 | BQ5: 0 | BR5: 0 | BS5: 0 | BT5: 0 | BU5: 0 | BV5: 0 | BW5: 0 | BX5: 0 | BY5: 0 | BZ5: 0 | CA5: 0 | CB5: 0 | CC5: 0 | CD5: 0 | CE5: 0 | CF5: 2 | CG5: 2 | CH5: 1 | CI5: 1 | CJ5: 1 | CK5: 1 | CL5: 1 | CM5: 1 | CN5: 1 | CO5: 1 | CP5: 1 | CQ5: 1 | CR5: 1 | CS5: 1 | CT5: 1 | CU5: 1 | CV5: 1 | CW5: 1 | CX5: 1 | CY5: 1 | CZ5: 1 | DA5: 1 | DB5: 1 | DC5: 1 | DD5: 1 | DE5: 1 | DF5: 1 | DG5: 1 | DH5: 1 | DI5: 1 | DJ5: 1 | DK5: 1 | DL5: 1 | DM5: 1 | DN5: 1 | DO5: 1 | DP5: 1 | DQ5: 1 | DR5: 1 | DS5: 1 | DT5: 1 | DU5: 1 | DV5: 1 | DW5: 1 | DX5: 1 | DY5: 1 | DZ5: 1 | EA5: 1 | EB5: 1 | EC5: 1 | ED5: 1 | EE5: 1 | EF5: 1 | EG5: 1 | EH5: 1 | EI5: 1 | EJ5: 1 | EK5: 1 | EL5: 1 | EM5: 1 | EN5: 1 | EO5: 1 | EP5: 1 | EQ5: 1 | ER5: 1 | ES5: 1 | ET5: 1 | EU5: 1 | EV5: 1 | EW5: 1 | EX5: 1 | EY5: 1 | EZ5: 1 | FA5: 1 | FB5: 1 | FC5: 1 | FD5: 1 | FE5: 1 | FF5: 1 | FG5: 1 | FH5: 1 | FI5: 1 | FJ5: 1 | FK5: 1 | FL5: 1 | FM5: 1 | FN5: 1 | FO5: 1 | FP5: 1 | FQ5: 1 | FR5: 1
A6: 5 | B6: 0 | C6: 0 | D6: 0 | E6: 0 | F6: 0 | G6: 0 | H6: 0 | I6: 0 | J6: 0 | K6: 0 | L6: 0 | M6: 0 | N6: 0 | O6: 0 | P6: 0 | Q6: 0 | R6: 0 | S6: 0 | T6: 0 | U6: 0 | V6: 0 | W6: 0 | X6: 0 | Y6: 0 | Z6: 0 | AA6: 0 | AB6: 0 | AC6: 0 | AD6: 0 | AE6: 0 | AF6: 0 | AG6: 0 | AH6: 0 | AI6: 0 | AJ6: 0 | AK6: 0 | AL6: 0 | AM6: 0 | AN6: 0 | AO6: 0 | AP6: 0 | AQ6: 2 | AR6: 0 | AS6: 0 | AT6: 0 | AU6: 0 | AV6: 0 | AW6: 0 | AX6: 0 | AY6: 0 | AZ6: 0 | BA6: 0 | BB6: 0 | BC6: 0 | BD6: 0 | BE6: 0 | BF6: 0 | BG6: 0 | BH6: 0 | BI6: 0 | BJ6: 0 | BK6: 0 | BL6: 0 | BM6: 0 | BN6: 0 | BO6: 0 | BP6: 0 | BQ6: 0 | BR6: 0 | BS6: 0 | BT6: 0 | BU6: 0 | BV6: 0 | BW6: 0 | BX6: 0 | BY6: 0 | BZ6: 0 | CA6: 0 | CB6: 0 | CC6: 0 | CD6: 2 | CE6: 0 | CF6: 2 | CG6: -1 | CH6: 1 | CI6: 1 | CJ6: 1 | CK6: 1 | CL6: 1 | CM6: 1 | CN6: 1 | CO6: 1 | CP6: 1 | CQ6: 1 | CR6: 1 | CS6: 1 | CT6: 1 | CU6: 1 | CV6: 1 | CW6: 1 | CX6: 1 | CY6: 1 | CZ6: 1 | DA6: 1 | DB6: 1 | DC6: 1 | DD6: 1 | DE6: 1 | DF6: 1 | DG6: 1 | DH6: 1 | DI6: 1 | DJ6: 1 | DK6: 1 | DL6: 1 | DM6: 1 | DN6: 1 | DO6: 1 | DP6: 1 | DQ6: 1 | DR6: 1 | DS6: 1 | DT6: 1 | DU6: 1 | DV6: 1 | DW6: 1 | DX6: 1 | DY6: 1 | DZ6: 1 | EA6: 1 | EB6: 1 | EC6: 1 | ED6: 1 | EE6: 1 | EF6: 1 | EG6: 1 | EH6: 1 | EI6: 1 | EJ6: 1 | EK6: 1 | EL6: 1 | EM6: 1 | EN6: 1 | EO6: 1 | EP6: 1 | EQ6: 1 | ER6: 1 | ES6: 1 | ET6: 1 | EU6: 1 | EV6: 1 | EW6: 1 | EX6: 1 | EY6: 1 | EZ6: 1 | FA6: 1 | FB6: 1 | FC6: 1 | FD6: 1 | FE6: 1 | FF6: 1 | FG6: 1 | FH6: 1 | FI6: 1 | FJ6: 1 | FK6: 1 | FL6: 1 | FM6: 1 | FN6: 1 | FO6: 1 | FP6: 1 | FQ6: 1 | FR6: 1
A7: 6 | B7: 0 | C7: 0 | D7: 0 | E7: 0 | F7: 0 | G7: 0 | H7: 0 | I7: 0 | J7: 0 | K7: 0 | L7: 0 | M7: 0 | N7: 0 | O7: 0 | P7: 0 | Q7: 0 | R7: 0 | S7: 0 | T7: 0 | U7: 0 | V7: 0 | W7: 0 | X7: 0 | Y7: 0 | Z7: 0 | AA7: 0 | AB7: 0 | AC7: 0 | AD7: 0 | AE7: 0 | AF7: 0 | AG7: 0 | AH7: 0 | AI7: 0 | AJ7: 0 | AK7: 0 | AL7: 0 | AM7: 0 | AN7: 0 | AO7: 0 | AP7: 0 | AQ7: 0 | AR7: 0 | AS7: 0 | AT7: 0 | AU7: 0 | AV7: 0 | AW7: 0 | AX7: 0 | AY7: 0 | AZ7: 0 | BA7: 0 | BB7: 0 | BC7: 0 | BD7: 0 | BE7: 0 | BF7: 0 | BG7: 0 | BH7: 0 | BI7: 0 | BJ7: 0 | BK7: 0 | BL7: 0 | BM7: 0 | BN7: 0 | BO7: 0 | BP7: 0 | BQ7: 0 | BR7: 0 | BS7: 0 | BT7: 0 | BU7: 0 | BV7: 0 | BW7: 0 | BX7: 0 | BY7: 0 | BZ7: 0 | CA7: 0 | CB7: 0 | CC7: 0 | CD7: 0 | CE7: 2 | CF7: 2 | CG7: 1 | CH7: 1 | CI7: 1 | CJ7: 1 | CK7: 1 | CL7: 1 | CM7: 1 | CN7: 1 | CO7: 1 | CP7: 1 | CQ7: 1 | CR7: 1 | CS7: 1 | CT7: 1 | CU7: 1 | CV7: 1 | CW7: 1 | CX7: 1 | CY7: 1 | CZ7: 1 | DA7: 1 | DB7: 1 | DC7: 1 | DD7: 1 | DE7: 1 | DF7: 1 | DG7: 1 | DH7: 1 | DI7: 1 | DJ7: 1 | DK7: 1 | DL7: 1 | DM7: 1 | DN7: 1 | DO7: 1 | DP7: 1 | DQ7: 1 | DR7: 1 | DS7: 1 | DT7: 1 | DU7: 1 | DV7: 1 | DW7: 1 | DX7: 1 | DY7: 1 | DZ7: 1 | EA7: 1 | EB7: 1 | EC7: 1 | ED7: 1 | EE7: 1 | EF7: 1 | EG7: 1 | EH7: 1 | EI7: 1 | EJ7: 1 | EK7: 1 | EL7: 1 | EM7: 1 | EN7: 1 | EO7: 1 | EP7: 1 | EQ7: 1 | ER7: 1 | ES7: 1 | ET7: 1 | EU7: 1 | EV7: 1 | EW7: 1 | EX7: 1 | EY7: 1 | EZ7: 1 | FA7: 1 | FB7: 1 | FC7: 1 | FD7: 1 | FE7: 1 | FF7: 1 | FG7: 1 | FH7: 1 | FI7: 1 | FJ7: 1 | FK7: 1 | FL7: 1 | FM7: 1 | FN7: 1 | FO7: 1 | FP7: 1 | FQ7: 1 | FR7: 1
A8: 7 | B8: 0 | C8: 0 | D8: 0 | E8: 0 | F8: 0 | G8: 0 | H8: 0 | I8: 0 | J8: 0 | K8: 0 | L8: 0 | M8: 0 | N8: 0 | O8: 0 | P8: 0 | Q8: 0 | R8: 0 | S8: 0 | T8: 0 | U8: 0 | V8: 0 | W8: 0 | X8: 0 | Y8: 0 | Z8: 0 | AA8: 0 | AB8: 0 | AC8: 0 | AD8: 0 | AE8: 0 | AF8: 0 | AG8: 0 | AH8: 0 | AI8: 0 | AJ8: 0 | AK8: 0 | AL8: 0 | AM8: 0 | AN8: 0 | AO8: 0 | AP8: 0 | AQ8: 0 | AR8: 0 | AS8: 0 | AT8: 0 | AU8: 0 | AV8: 0 | AW8: 0 | AX8: 0 | AY8: 0 | AZ8: 0 | BA8: 0 | BB8: 0 | BC8: 0 | BD8: 0 | BE8: 0 | BF8: 0 | BG8: 0 | BH8: 0 | BI8: 0 | BJ8: 0 | BK8: 0 | BL8: 0 | BM8: 0 | BN8: 0 | BO8: 0 | BP8: 0 | BQ8: 0 | BR8: 0 | BS8: 0 | BT8: 0 | BU8: 0 | BV8: 0 | BW8: 0 | BX8: 0 | BY8: 0 | BZ8: 0 | CA8: 0 | CB8: 0 | CC8: 2 | CD8: 0 | CE8: 2 | CF8: -1 | CG8: 1 | CH8: 1 | CI8: 1 | CJ8: 1 | CK8: 1 | CL8: 1 | CM8: 1 | CN8: 1 | CO8: 1 | CP8: 1 | CQ8: 1 | CR8: 1 | CS8: 1 | CT8: 1 | CU8: 1 | CV8: 1 | CW8: 1 | CX8: 1 | CY8: 1 | CZ8: 1 | DA8: 1 | DB8: 1 | DC8: 1 | DD8: 1 | DE8: 1 | DF8: 1 | DG8: 1 | DH8: 1 | DI8: 1 | DJ8: 1 | DK8: 1 | DL8: 1 | DM8: 1 | DN8: 1 | DO8: 1 | DP8: 1 | DQ8: 1 | DR8: 1 | DS8: 1 | DT8: 1 | DU8: 1 | DV8: 1 | DW8: 1 | DX8: 1 | DY8: 1 | DZ8: 1 | EA8: 1 | EB8: 1 | EC8: 1 | ED8: 1 | EE8: 1 | EF8: 1 | EG8: 1 | EH8: 1 | EI8: 1 | EJ8: 1 | EK8: 1 | EL8: 1 | EM8: 1 | EN8: 1 | EO8: 1 | EP8: 1 | EQ8: 1 | ER8: 1 | ES8: 1 | ET8: 1 | EU8: 1 | EV8: 1 | EW8: 1 | EX8: 1 | EY8: 1 | EZ8: 1 | FA8: 1 | FB8: 1 | FC8: 1 | FD8: 1 | FE8: 1 | FF8: 1 | FG8: 1 | FH8: 1 | FI8: 1 | FJ8: 1 | FK8: 1 | FL8: 1 | FM8: 1 | FN8: 1 | FO8: 1 | FP8: 1 | FQ8: 1 | FR8: 1
A9: 8 | B9: 0 | C9: 0 | D9: 0 | E9: 0 | F9: 0 | G9: 0 | H9: 0 | I9: 0 | J9: 0 | K9: 0 | L9: 0 | M9: 0 | N9: 0 | O9: 0 | P9: 0 | Q9: 0 | R9: 0 | S9: 0 | T9: 0 | U9: 0 | V9: 0 | W9: 0 | X9: 0 | Y9: 0 | Z9: 0 | AA9: 0 | AB9: 0 | AC9: 0 | AD9: 0 | AE9: 0 | AF9: 0 | AG9: 0 | AH9: 0 | AI9: 0 | AJ9: 0 | AK9: 0 | AL9: 0 | AM9: 0 | AN9: 0 | AO9: 0 | AP9: 0 | AQ9: 0 | AR9: 0 | AS9: 0 | AT9: 0 | AU9: 0 | AV9: 0 | AW9: 0 | AX9: 0 | AY9: 0 | AZ9: 0 | BA9: 0 | BB9: 0 | BC9: 0 | BD9: 0 | BE9: 0 | BF9: 0 | BG9: 0 | BH9: 0 | BI9: 0 | BJ9: 0 | BK9: 0 | BL9: 0 | BM9: 0 | BN9: 0 | BO9: 0 | BP9: 0 | BQ9: 0 | BR9: 0 | BS9: 0 | BT9: 0 | BU9: 0 | BV9: 0 | BW9: 0 | BX9: 0 | BY9: 0 | BZ9: 0 | CA9: 0 | CB9: 0 | CC9: 0 | CD9: 2 | CE9: 2 | CF9: 1 | CG9: 1 | CH9: 1 | CI9: 1 | CJ9: 1 | CK9: 1 | CL9: 1 | CM9: 1 | CN9: 1 | CO9: 1 | CP9: 1 | CQ9: 1 | CR9: 1 | CS9: 1 | CT9: 1 | CU9: 1 | CV9: 1 | CW9: 1 | CX9: 1 | CY9: 1 | CZ9: 1 | DA9: 1 | DB9: 1 | DC9: 1 | DD9: 1 | DE9: 1 | DF9: 1 | DG9: 1 | DH9: 1 | DI9: 1 | DJ9: 1 | DK9: 1 | DL9: 1 | DM9: 1 | DN9: 1 | DO9: 1 | DP9: 1 | DQ9: 1 | DR9: 1 | DS9: 1 | DT9: 1 | DU9: 1 | DV9: 1 | DW9: 1 | DX9: 1 | DY9: 1 | DZ9: 1 | EA9: 1 | EB9: 1 | EC9: 1 | ED9: 1 | EE9: 1 | EF9: 1 | EG9: 1 | EH9: 1 | EI9: 1 | EJ9: 1 | EK9: 1 | EL9: 1 | EM9: 1 | EN9: 1 | EO9: 1 | EP9: 1 | EQ9: 1 | ER9: 1 | ES9: 1 | ET9: 1 | EU9: 1 | EV9: 1 | EW9: 1 | EX9: 1 | EY9: 1 | EZ9: 1 | FA9: 1 | FB9: 1 | FC9: 1 | FD9: 1 | FE9: 1 | FF9: 1 | FG9: 1 | FH9: 1 | FI9: 1 | FJ9: 1 | FK9: 1 | FL9: 1 | FM9: 1 | FN9: 1 | FO9: 1 | FP9: 1 | FQ9: 1 | FR9: 1
A10: 9 | B10: 0 | C10: 0 | D10: 0 | E10: 0 | F10: 0 | G10: 0 | H10: 0 | I10: 0 | J10: 0 | K10: 0 | L10: 0 | M10: 0 | N10: 0 | O10: 0 | P10: 0 | Q10: 0 | R10: 0 | S10: 0 | T10: 0 | U10: 0 | V10: 0 | W10: 0 | X10: 0 | Y10: 0 | Z10: 0 | AA10: 0 | AB10: 0 | AC10: 0 | AD10: 0 | AE10: 0 | AF10: 0 | AG10: 0 | AH10: 0 | AI10: 0 | AJ10: 0 | AK10: 0 | AL10: 0 | AM10: 0 | AN10: 0 | AO10: 0 | AP10: 2 | AQ10: 0 | AR10: 0 | AS10: 0 | AT10: 0 | AU10: 0 | AV10: 0 | AW10: 0 | AX10: 0 | AY10: 0 | AZ10: 0 | BA10: 0 | BB10: 0 | BC10: 0 | BD10: 0 | BE10: 0 | BF10: 0 | BG10: 0 | BH10: 0 | BI10: 0 | BJ10: 0 | BK10: 0 | BL10: 0 | BM10: 0 | BN10: 0 | BO10: 0 | BP10: 0 | BQ10: 0 | BR10: 0 | BS10: 0 | BT10: 0 | BU10: 0 | BV10: 0 | BW10: 0 | BX10: 0 | BY10: 0 | BZ10: 0 | CA10: 0 | CB10: 2 | CC10: 0 | CD10: 2 | CE10: -1 | CF10: 1 | CG10: 1 | CH10: 1 | CI10: 1 | CJ10: 1 | CK10: 1 | CL10: 1 | CM10: 1 | CN10: 1 | CO10: 1 | CP10: 1 | CQ10: 1 | CR10: 1 | CS10: 1 | CT10: 1 | CU10: 1 | CV10: 1 | CW10: 1 | CX10: 1 | CY10: 1 | CZ10: 1 | DA10: 1 | DB10: 1 | DC10: 1 | DD10: 1 | DE10: 1 | DF10: 1 | DG10: 1 | DH10: 1 | DI10: 1 | DJ10: 1 | DK10: 1 | DL10: 1 | DM10: 1 | DN10: 1 | DO10: 1 | DP10: 1 | DQ10: 1 | DR10: 1 | DS10: 1 | DT10: 1 | DU10: 1 | DV10: 1 | DW10: 1 | DX10: 1 | DY10: 1 | DZ10: 1 | EA10: 1 | EB10: 1 | EC10: 1 | ED10: 1 | EE10: 1 | EF10: 1 | EG10: 1 | EH10: 1 | EI10: 1 | EJ10: 1 | EK10: 1 | EL10: 1 | EM10: 1 | EN10: 1 | EO10: 1 | EP10: 1 | EQ10: 1 | ER10: 1 | ES10: 1 | ET10: 1 | EU10: 1 | EV10: 1 | EW10: 1 | EX10: 1 | EY10: 1 | EZ10: 1 | FA10: 1 | FB10: 1 | FC10: 1 | FD10: 1 | FE10: 1 | FF10: 1 | FG10: 1 | FH10: 1 | FI10: 1 | FJ10: 1 | FK10: 1 | FL10: 1 | FM10: 1 | FN10: 1 | FO10: 1 | FP10: 1 | FQ10: 1 | FR10: 1
A11: 10 | B11: 0 | C11: 0 | D11: 0 | E11: 0 | F11: 0 | G11: 0 | H11: 0 | I11: 0 | J11: 0 | K11: 0 | L11: 0 | M11: 0 | N11: 0 | O11: 0 | P11: 0 | Q11: 0 | R11: 0 | S11: 0 | T11: 0 | U11: 0 | V11: 0 | W11: 0 | X11: 0 | Y11: 0 | Z11: 0 | AA11: 0 | AB11: 0 | AC11: 0 | AD11: 0 | AE11: 0 | AF11: 0 | AG11: 0 | AH11: 0 | AI11: 0 | AJ11: 0 | AK11: 0 | AL11: 0 | AM11: 0 | AN11: 0 | AO11: 0 | AP11: 0 | AQ11: 0 | AR11: 0 | AS11: 0 | AT11: 0 | AU11: 0 | AV11: 0 | AW11: 0 | AX11: 0 | AY11: 0 | AZ11: 0 | BA11: 0 | BB11: 0 | BC11: 0 | BD11: 0 | BE11: 0 | BF11: 0 | BG11: 0 | BH11: 0 | BI11: 0 | BJ11: 0 | BK11: 0 | BL11: 0 | BM11: 0 | BN11: 0 | BO11: 0 | BP11: 0 | BQ11: 0 | BR11: 0 | BS11: 0 | BT11: 0 | BU11: 0 | BV11: 0 | BW11: 0 | BX11: 0 | BY11: 0 | BZ11: 0 | CA11: 0 | CB11: 0 | CC11: 2 | CD11: 2 | CE11: 1 | CF11: 1 | CG11: 1 | CH11: 1 | CI11: 1 | CJ11: 1 | CK11: 1 | CL11: 1 | CM11: 1 | CN11: 1 | CO11: 1 | CP11: 1 | CQ11: 1 | CR11: 1 | CS11: 1 | CT11: 1 | CU11: 1 | CV11: 1 | CW11: 1 | CX11: 1 | CY11: 1 | CZ11: 1 | DA11: 1 | DB11: 1 | DC11: 1 | DD11: 1 | DE11: 1 | DF11: 1 | DG11: 1 | DH11: 1 | DI11: 1 | DJ11: 1 | DK11: 1 | DL11: 1 | DM11: 1 | DN11: 1 | DO11: 1 | DP11: 1 | DQ11: 1 | DR11: 1 | DS11: 1 | DT11: 1 | DU11: 1 | DV11: 1 | DW11: 1 | DX11: 1 | DY11: 1 | DZ11: 1 | EA11: 1 | EB11: 1 | EC11: 1 | ED11: 1 | EE11: 1 | EF11: 1 | EG11: 1 | EH11: 1 | EI11: 1 | EJ11: 1 | EK11: 1 | EL11: 1 | EM11: 1 | EN11: 1 | EO11: 1 | EP11: 1 | EQ11: 1 | ER11: 1 | ES11: 1 | ET11: 1 | EU11: 1 | EV11: 1 | EW11: 1 | EX11: 1 | EY11: 1 | EZ11: 1 | FA11: 1 | FB11: 1 | FC11: 1 | FD11: 1 | FE11: 1 | FF11: 1 | FG11: 1 | FH11: 1 | FI11: 1 | FJ11: 1 | FK11: 1 | FL11: 1 | FM11: 1 | FN11: 1 | FO11: 1 | FP11: 1 | FQ11: 1 | FR11: 1
A12: 11 | B12: 0 | C12: 0 | D12: 0 | E12: 0 | F12: 0 | G12: 0 | H12: 0 | I12: 0 | J12: 0 | K12: 0 | L12: 0 | M12: 0 | N12: 0 | O12: 0 | P12: 0 | Q12: 0 | R12: 0 | S12: 0 | T12: 0 | U12: 0 | V12: 0 | W12: 0 | X12: 0 | Y12: 0 | Z12: 0 | AA12: 0 | AB12: 0 | AC12: 0 | AD12: 0 | AE12: 0 | AF12: 0 | AG12: 0 | AH12: 0 | AI12: 0 | AJ12: 0 | AK12: 0 | AL12: 0 | AM12: 0 | AN12: 0 | AO12: 0 | AP12: 0 | AQ12: 0 | AR12: 0 | AS12: 0 | AT12: 0 | AU12: 0 | AV12: 0 | AW12: 0 | AX12: 0 | AY12: 0 | AZ12: 0 | BA12: 0 | BB12: 0 | BC12: 0 | BD12: 0 | BE12: 0 | BF12: 0 | BG12: 0 | BH12: 0 | BI12: 0 | BJ12: 0 | BK12: 0 | BL12: 0 | BM12: 0 | BN12: 0 | BO12: 0 | BP12: 0 | BQ12: 0 | BR12: 0 | BS12: 0 | BT12: 0 | BU12: 0 | BV12: 0 | BW12: 0 | BX12: 0 | BY12: 0 | BZ12: 0 | CA12: 2 | CB12: 0 | CC12: 2 | CD12: -1 | CE12: 1 | CF12: 1 | CG12: 1 | CH12: 1 | CI12: 1 | CJ12: 1 | CK12: 1 | CL12: 1 | CM12: 1 | CN12: 1 | CO12: 1 | CP12: 1 | CQ12: 1 | CR12: 1 | CS12: 1 | CT12: 1 | CU12: 1 | CV12: 1 | CW12: 1 | CX12: 1 | CY12: 1 | CZ12: 1 | DA12: 1 | DB12: 1 | DC12: 1 | DD12: 1 | DE12: 1 | DF12: 1 | DG12: 1 | DH12: 1 | DI12: 1 | DJ12: 1 | DK12: 1 | DL12: 1 | DM12: 1 | DN12: 1 | DO12: 1 | DP12: 1 | DQ12: 1 | DR12: 1 | DS12: 1 | DT12: 1 | DU12: 1 | DV12: 1 | DW12: 1 | DX12: 1 | DY12: 1 | DZ12: 1 | EA12: 1 | EB12: 1 | EC12: 1 | ED12: 1 | EE12: 1 | EF12: 1 | EG12: 1 | EH12: 1 | EI12: 1 | EJ12: 1 | EK12: 1 | EL12: 1 | EM12: 1 | EN12: 1 | EO12: 1 | EP12: 1 | EQ12: 1 | ER12: 1 | ES12: 1 | ET12: 1 | EU12: 1 | EV12: 1 | EW12: 1 | EX12: 1 | EY12: 1 | EZ12: 1 | FA12: 1 | FB12: 1 | FC12: 1 | FD12: 1 | FE12: 1 | FF12: 1 | FG12: 1 | FH12: 1 | FI12: 1 | FJ12: 1 | FK12: 1 | FL12: 1 | FM12: 1 | FN12: 1 | FO12: 1 | FP12: 1 | FQ12: 1 | FR12: 1
A13: 12 | B13: 0 | C13: 0 | D13: 0 | E13: 0 | F13: 0 | G13: 0 | H13: 0 | I13: 0 | J13: 0 | K13: 0 | L13: 0 | M13: 0 | N13: 0 | O13: 0 | P13: 0 | Q13: 0 | R13: 0 | S13: 0 | T13: 0 | U13: 0 | V13: 0 | W13: 0 | X13: 0 | Y13: 0 | Z13: 0 | AA13: 0 | AB13: 0 | AC13: 0 | AD13: 0 | AE13: 0 | AF13: 0 | AG13: 0 | AH13: 0 | AI13: 0 | AJ13: 0 | AK13: 0 | AL13: 0 | AM13: 0 | AN13: 0 | AO13: 0 | AP13: 0 | AQ13: 0 | AR13: 0 | AS13: 0 | AT13: 0 | AU13: 0 | AV13: 0 | AW13: 0 | AX13: 0 | AY13: 0 | AZ13: 0 | BA13: 0 | BB13: 0 | BC13: 0 | BD13: 0 | BE13: 0 | BF13: 0 | BG13: 0 | BH13: 0 | BI13: 0 | BJ13: 0 | BK13: 0 | BL13: 0 | BM13: 0 | BN13: 0 | BO13: 0 | BP13: 0 | BQ13: 0 | BR13: 0 | BS13: 0 | BT13: 0 | BU13: 0 | BV13: 0 | BW13: 0 | BX13: 0 | BY13: 0 | BZ13: 0 | CA13: 0 | CB13: 2 | CC13: 2 | CD13: 1 | CE13: 1 | CF13: 1 | CG13: 1 | CH13: 1 | CI13: 1 | CJ13: 1 | CK13: 1 | CL13: 1 | CM13: 1 | CN13: 1 | CO13: 1 | CP13: 1 | CQ13: 1 | CR13: 1 | CS13: 1 | CT13: 1 | CU13: 1 | CV13: 1 | CW13: 1 | CX13: 1 | CY13: 1 | CZ13: 1 | DA13: 1 | DB13: 1 | DC13: 1 | DD13: 1 | DE13: 1 | DF13: 1 | DG13: 1 | DH13: 1 | DI13: 1 | DJ13: 1 | DK13: 1 | DL13: 1 | DM13: 1 | DN13: 1 | DO13: 1 | DP13: 1 | DQ13: 1 | DR13: 1 | DS13: 1 | DT13: 1 | DU13: 1 | DV13: 1 | DW13: 1 | DX13: 1 | DY13: 1 | DZ13: 1 | EA13: 1 | EB13: 1 | EC13: 1 | ED13: 1 | EE13: 1 | EF13: 1 | EG13: 1 | EH13: 1 | EI13: 1 | EJ13: 1 | EK13: 1 | EL13: 1 | EM13: 1 | EN13: 1 | EO13: 1 | EP13: 1 | EQ13: 1 | ER13: 1 | ES13: 1 | ET13: 1 | EU13: 1 | EV13: 1 | EW13: 1 | EX13: 1 | EY13: 1 | EZ13: 1 | FA13: 1 | FB13: 1 | FC13: 1 | FD13: 1 | FE13: 1 | FF13: 1 | FG13: 1 | FH13: 1 | FI13: 1 | FJ13: 1 | FK13: 1 | FL13: 1 | FM13: 1 | FN13: 1 | FO13: 1 | FP13: 1 | FQ13: 1 | FR13: 1
... A174: 173 | B174: 1 | C174: 1 | D174: 1 | E174: 1 | F174: 1 | G174: 1 | H174: 1 | I174: 1 | J174: 1 | K174: 1 | L174: 1 | M174: 1 | N174: 1 | O174: 1 | P174: 1 | Q174: 1 | R174: 1 | S174: 1 | T174: 1 | U174: 1 | V174: 1 | W174: 1 | X174: 1 | Y174: 1 | Z174: 1 | AA174: 1 | AB174: 1 | AC174: 1 | AD174: 1 | AE174: 1 | AF174: 1 | AG174: 1 | AH174: 1 | AI174: 1 | AJ174: 1 | AK174: 1 | AL174: 1 | AM174: 1 | AN174: 1 | AO174: 1 | AP174: 1 | AQ174: 1 | AR174: 1 | AS174: 1 | AT174: 1 | AU174: 1 | AV174: 1 | AW174: 1 | AX174: 1 | AY174: 1 | AZ174: 1 | BA174: 1 | BB174: 1 | BC174: 1 | BD174: 1 | BE174: 1 | BF174: 1 | BG174: 1 | BH174: 1 | BI174: 1 | BJ174: 1 | BK174: 1 | BL174: 1 | BM174: 1 | BN174: 1 | BO174: 1 | BP174: 1 | BQ174: 1 | BR174: 1 | BS174: 1 | BT174: 1 | BU174: 1 | BV174: 1 | BW174: 1 | BX174: 1 | BY174: 1 | BZ174: 1 | CA174: 1 | CB174: 1 | CC174: 1 | CD174: 1 | CE174: 1 | CF174: 1 | CG174: 1 | CH174: 1 | CI174: 1 | CJ174: 1 | CK174: 1 | CL174: 1 | CM174: 1 | CN174: 1 | CO174: 1 | CP174: 1 | CQ174: 1 | CR174: 1 | CS174: 1 | CT174: 1 | CU174: 1 | CV174: 1 | CW174: 1 | CX174: 1 | CY174: 1 | CZ174: 1 | DA174: 1 | DB174: 1 | DC174: 1 | DD174: 1 | DE174: 1 | DF174: 1 | DG174: 1 | DH174: 1 | DI174: 1 | DJ174: 1 | DK174: 1 | DL174: 1 | DM174: 1 | DN174: 1 | DO174: 1 | DP174: 1 | DQ174: 1 | DR174: 1 | DS174: 1 | DT174: 1 | DU174: 1 | DV174: 1 | DW174: 1 | DX174: 1 | DY174: 1 | DZ174: 1 | EA174: 1 | EB174: 1 | EC174: 1 | ED174: 1 | EE174: 1 | EF174: 1 | EG174: 1 | EH174: 1 | EI174: 1 | EJ174: 1 | EK174: 1 | EL174: 1 | EM174: 1 | EN174: 1 | EO174: 1 | EP174: 1 | EQ174: 1 | ER174: 1 | ES174: 1 | ET174: 1 | EU174: 1 | EV174: 1 | EW174: 1 | EX174: 1 | EY174: 1 | EZ174: 1 | FA174: 1 | FB174: 1 | FC174: 1 | FD174: 1 | FE174: 1 | FF174: 1 | FG174: 1 | FH174: 1 | FI174: 1 | FJ174: 1 | FK174: 1 | FL174: 1 | FM174: 1 | FN174: 1 | FO174: 1 | FP174: 1 | FQ174: 1 | FR174: 1
