Workbook

Sheet Лист1
A1: 1000 | B1: =IF(Лист2!B1=0,IF(AND(INDEX($B$1:$B$1000,1001-(A1-3))>0,INDEX($B$1:$B$1000,1001-(A1-5))>0,INDEX($B$1:$B$1000,1001-QUOTIENT(A1,2))>0),-2,0),Лист2!B1) -> 0 | C1: =IF(B1=-2,A1,0) -> 0
A2: 999 | B2: =IF(Лист2!B2=0,IF(AND(INDEX($B$1:$B$1000,1001-(A2-3))>0,INDEX($B$1:$B$1000,1001-(A2-5))>0,INDEX($B$1:$B$1000,1001-QUOTIENT(A2,2))>0),-2,0),Лист2!B2) -> 0 | C2: =IF(B2=-2,A2,0) -> 0
A3: 998 | B3: =IF(Лист2!B3=0,IF(AND(INDEX($B$1:$B$1000,1001-(A3-3))>0,INDEX($B$1:$B$1000,1001-(A3-5))>0,INDEX($B$1:$B$1000,1001-QUOTIENT(A3,2))>0),-2,0),Лист2!B3) -> 0 | C3: =IF(B3=-2,A3,0) -> 0
A4: 997 | B4: =IF(Лист2!B4=0,IF(AND(INDEX($B$1:$B$1000,1001-(A4-3))>0,INDEX($B$1:$B$1000,1001-(A4-5))>0,INDEX($B$1:$B$1000,1001-QUOTIENT(A4,2))>0),-2,0),Лист2!B4) -> 0 | C4: =IF(B4=-2,A4,0) -> 0
A5: 996 | B5: =IF(Лист2!B5=0,IF(AND(INDEX($B$1:$B$1000,1001-(A5-3))>0,INDEX($B$1:$B$1000,1001-(A5-5))>0,INDEX($B$1:$B$1000,1001-QUOTIENT(A5,2))>0),-2,0),Лист2!B5) -> 0 | C5: =IF(B5=-2,A5,0) -> 0
A6: 995 | B6: =IF(Лист2!B6=0,IF(AND(INDEX($B$1:$B$1000,1001-(A6-3))>0,INDEX($B$1:$B$1000,1001-(A6-5))>0,INDEX($B$1:$B$1000,1001-QUOTIENT(A6,2))>0),-2,0),Лист2!B6) -> 0 | C6: =IF(B6=-2,A6,0) -> 0
A7: 994 | B7: =IF(Лист2!B7=0,IF(AND(INDEX($B$1:$B$1000,1001-(A7-3))>0,INDEX($B$1:$B$1000,1001-(A7-5))>0,INDEX($B$1:$B$1000,1001-QUOTIENT(A7,2))>0),-2,0),Лист2!B7) -> 0 | C7: =IF(B7=-2,A7,0) -> 0
A8: 993 | B8: =IF(Лист2!B8=0,IF(AND(INDEX($B$1:$B$1000,1001-(A8-3))>0,INDEX($B$1:$B$1000,1001-(A8-5))>0,INDEX($B$1:$B$1000,1001-QUOTIENT(A8,2))>0),-2,0),Лист2!B8) -> 0 | C8: =IF(B8=-2,A8,0) -> 0
A9: 992 | B9: =IF(Лист2!B9=0,IF(AND(INDEX($B$1:$B$1000,1001-(A9-3))>0,INDEX($B$1:$B$1000,1001-(A9-5))>0,INDEX($B$1:$B$1000,1001-QUOTIENT(A9,2))>0),-2,0),Лист2!B9) -> 0 | C9: =IF(B9=-2,A9,0) -> 0
A10: 991 | B10: =IF(Лист2!B10=0,IF(AND(INDEX($B$1:$B$1000,1001-(A10-3))>0,INDEX($B$1:$B$1000,1001-(A10-5))>0,INDEX($B$1:$B$1000,1001-QUOTIENT(A10,2))>0),-2,0),Лист2!B10) -> 0 | C10: =IF(B10=-2,A10,0) -> 0
A11: 990 | B11: =IF(Лист2!B11=0,IF(AND(INDEX($B$1:$B$1000,1001-(A11-3))>0,INDEX($B$1:$B$1000,1001-(A11-5))>0,INDEX($B$1:$B$1000,1001-QUOTIENT(A11,2))>0),-2,0),Лист2!B11) -> 0 | C11: =IF(B11=-2,A11,0) -> 0
A12: 989 | B12: =IF(Лист2!B12=0,IF(AND(INDEX($B$1:$B$1000,1001-(A12-3))>0,INDEX($B$1:$B$1000,1001-(A12-5))>0,INDEX($B$1:$B$1000,1001-QUOTIENT(A12,2))>0),-2,0),Лист2!B12) -> 0 | C12: =IF(B12=-2,A12,0) -> 0
... A750: 251 | B750: =IF(Лист2!B750=0,IF(AND(INDEX($B$1:$B$1000,1001-(A750-3))>0,INDEX($B$1:$B$1000,1001-(A750-5))>0,INDEX($B$1:$B$1000,1001-QUOTIENT(A750,2))>0),-2,0),Лист2!B750) -> 2 | C750: =IF(B750=-2,A750,0) -> 0
A751: 250 | B751: =IF(Лист2!B751=0,IF(AND(INDEX($B$1:$B$1000,1001-(A751-3))>0,INDEX($B$1:$B$1000,1001-(A751-5))>0,INDEX($B$1:$B$1000,1001-QUOTIENT(A751,2))>0),-2,0),Лист2!B751) -> -1 | C751: =IF(B751=-2,A751,0) -> 0 | I751: =(250+248)/2*3 -> 747
A752: 249 | B752: =IF(Лист2!B752=0,IF(AND(INDEX($B$1:$B$1000,1001-(A752-3))>0,INDEX($B$1:$B$1000,1001-(A752-5))>0,INDEX($B$1:$B$1000,1001-QUOTIENT(A752,2))>0),-2,0),Лист2!B752) -> -1 | C752: =IF(B752=-2,A752,0) -> 0
A753: 248 | B753: =IF(Лист2!B753=0,IF(AND(INDEX($B$1:$B$1000,1001-(A753-3))>0,INDEX($B$1:$B$1000,1001-(A753-5))>0,INDEX($B$1:$B$1000,1001-QUOTIENT(A753,2))>0),-2,0),Лист2!B753) -> -1 | C753: =IF(B753=-2,A753,0) -> 0
A754: 247 | B754: =IF(Лист2!B754=0,IF(AND(INDEX($B$1:$B$1000,1001-(A754-3))>0,INDEX($B$1:$B$1000,1001-(A754-5))>0,INDEX($B$1:$B$1000,1001-QUOTIENT(A754,2))>0),-2,0),Лист2!B754) -> 1 | C754: =IF(B754=-2,A754,0) -> 0
A755: 246 | B755: =IF(Лист2!B755=0,IF(AND(INDEX($B$1:$B$1000,1001-(A755-3))>0,INDEX($B$1:$B$1000,1001-(A755-5))>0,INDEX($B$1:$B$1000,1001-QUOTIENT(A755,2))>0),-2,0),Лист2!B755) -> 1 | C755: =IF(B755=-2,A755,0) -> 0
A756: 245 | B756: =IF(Лист2!B756=0,IF(AND(INDEX($B$1:$B$1000,1001-(A756-3))>0,INDEX($B$1:$B$1000,1001-(A756-5))>0,INDEX($B$1:$B$1000,1001-QUOTIENT(A756,2))>0),-2,0),Лист2!B756) -> 1 | C756: =IF(B756=-2,A756,0) -> 0
A757: 244 | B757: =IF(Лист2!B757=0,IF(AND(INDEX($B$1:$B$1000,1001-(A757-3))>0,INDEX($B$1:$B$1000,1001-(A757-5))>0,INDEX($B$1:$B$1000,1001-QUOTIENT(A757,2))>0),-2,0),Лист2!B757) -> 1 | C757: =IF(B757=-2,A757,0) -> 0
A758: 243 | B758: =IF(Лист2!B758=0,IF(AND(INDEX($B$1:$B$1000,1001-(A758-3))>0,INDEX($B$1:$B$1000,1001-(A758-5))>0,INDEX($B$1:$B$1000,1001-QUOTIENT(A758,2))>0),-2,0),Лист2!B758) -> 1 | C758: =IF(B758=-2,A758,0) -> 0
A759: 242 | B759: =IF(Лист2!B759=0,IF(AND(INDEX($B$1:$B$1000,1001-(A759-3))>0,INDEX($B$1:$B$1000,1001-(A759-5))>0,INDEX($B$1:$B$1000,1001-QUOTIENT(A759,2))>0),-2,0),Лист2!B759) -> 1 | C759: =IF(B759=-2,A759,0) -> 0
A760: 241 | B760: =IF(Лист2!B760=0,IF(AND(INDEX($B$1:$B$1000,1001-(A760-3))>0,INDEX($B$1:$B$1000,1001-(A760-5))>0,INDEX($B$1:$B$1000,1001-QUOTIENT(A760,2))>0),-2,0),Лист2!B760) -> 1 | C760: =IF(B760=-2,A760,0) -> 0
A761: 240 | B761: =IF(Лист2!B761=0,IF(AND(INDEX($B$1:$B$1000,1001-(A761-3))>0,INDEX($B$1:$B$1000,1001-(A761-5))>0,INDEX($B$1:$B$1000,1001-QUOTIENT(A761,2))>0),-2,0),Лист2!B761) -> 1 | C761: =IF(B761=-2,A761,0) -> 0
A762: 239 | B762: =IF(Лист2!B762=0,IF(AND(INDEX($B$1:$B$1000,1001-(A762-3))>0,INDEX($B$1:$B$1000,1001-(A762-5))>0,INDEX($B$1:$B$1000,1001-QUOTIENT(A762,2))>0),-2,0),Лист2!B762) -> 1 | C762: =IF(B762=-2,A762,0) -> 0
A763: 238 | B763: =IF(Лист2!B763=0,IF(AND(INDEX($B$1:$B$1000,1001-(A763-3))>0,INDEX($B$1:$B$1000,1001-(A763-5))>0,INDEX($B$1:$B$1000,1001-QUOTIENT(A763,2))>0),-2,0),Лист2!B763) -> 1 | C763: =IF(B763=-2,A763,0) -> 0
... A1000: 1 | B1000: =IF(Лист2!B1000=0,IF(AND(INDEX($B$1:$B$1000,1001-(A1000-3))>0,INDEX($B$1:$B$1000,1001-(A1000-5))>0,INDEX($B$1:$B$1000,1001-QUOTIENT(A1000,2))>0),-2,0),Лист2!B1000) -> 1 | C1000: =IF(B1000=-2,A1000,0) -> 0

Sheet Лист2
A1: 1000 | B1: 0
A2: 999 | B2: 0
A3: 998 | B3: 0
A4: 997 | B4: 0
A5: 996 | B5: 0
A6: 995 | B6: 0
A7: 994 | B7: 0
A8: 993 | B8: 0
A9: 992 | B9: 0
A10: 991 | B10: 0
A11: 990 | B11: 0
A12: 989 | B12: 0
... A1000: 1 | B1000: 1
