Workbook

Sheet Лист1
C1: 1 | D1: 2 | E1: 3 | F1: 4 | G1: 5 | H1: 6 | I1: 7 | J1: 8 | K1: 9 | L1: 10 | M1: 11 | N1: 12 | O1: 13 | P1: 14 | Q1: 15 | R1: 16 | S1: 17 | T1: 18 | U1: 19 | V1: 20 | W1: 21 | X1: 22 | Y1: 23 | Z1: 24 | AA1: 25 | AB1: 26 | AC1: 27 | AD1: 28 | AE1: 29 | AF1: 30 | AG1: 31 | AH1: 32 | AI1: 33 | AJ1: 34 | AK1: 35 | AL1: 36 | AM1: 37 | AN1: 38 | AO1: 39 | AP1: 40 | AQ1: 41 | AR1: 42 | AS1: 43
C2: -21 | D2: -20 | E2: -19 | F2: -18 | G2: -17 | H2: -16 | I2: -15 | J2: -14 | K2: -13 | L2: -12 | M2: -11 | N2: -10 | O2: -9 | P2: -8 | Q2: -7 | R2: -6 | S2: -5 | T2: -4 | U2: -3 | V2: -2 | W2: -1 | X2: 0 | Y2: 1 | Z2: 2 | AA2: 3 | AB2: 4 | AC2: 5 | AD2: 6 | AE2: 7 | AF2: 8 | AG2: 9 | AH2: 10 | AI2: 11 | AJ2: 12 | AK2: 13 | AL2: 14 | AM2: 15 | AN2: 16 | AO2: 17 | AP2: 18 | AQ2: 19 | AR2: 20 | AS2: 21
A3: 1 | B3: 21 | C3: =IF(Лист2!C3=0,IF(AND(INDEX(Лист2!$C$3:$AS$45,$A3-5,C$1-10)>0,INDEX(Лист2!$C$3:$AS$45,$A3+5,C$1-5)>0,INDEX(Лист2!$C$3:$AS$45,$A3+5,C$1+5)>0),-6,0),Лист2!C3) -> 10 | D3: =IF(Лист2!D3=0,IF(AND(INDEX(Лист2!$C$3:$AS$45,$A3-5,D$1-10)>0,INDEX(Лист2!$C$3:$AS$45,$A3+5,D$1-5)>0,INDEX(Лист2!$C$3:$AS$45,$A3+5,D$1+5)>0),-6,0),Лист2!D3) -> 10 | E3: =IF(Лист2!E3=0,IF(AND(INDEX(Лист2!$C$3:$AS$45,$A3-5,E$1-10)>0,INDEX(Лист2!$C$3:$AS$45,$A3+5,E$1-5)>0,INDEX(Лист2!$C$3:$AS$45,$A3+5,E$1+5)>0),-6,0),Лист2!E3) -> 10 | F3: =IF(Лист2!F3=0,IF(AND(INDEX(Лист2!$C$3:$AS$45,$A3-5,F$1-10)>0,INDEX(Лист2!$C$3:$AS$45,$A3+5,F$1-5)>0,INDEX(Лист2!$C$3:$AS$45,$A3+5,F$1+5)>0),-6,0),Лист2!F3) -> 10 | G3: =IF(Лист2!G3=0,IF(AND(INDEX(Лист2!$C$3:$AS$45,$A3-5,G$1-10)>0,INDEX(Лист2!$C$3:$AS$45,$A3+5,G$1-5)>0,INDEX(Лист2!$C$3:$AS$45,$A3+5,G$1+5)>0),-6,0),Лист2!G3) -> 10 | H3: =IF(Лист2!H3=0,IF(AND(INDEX(Лист2!$C$3:$AS$45,$A3-5,H$1-10)>0,INDEX(Лист2!$C$3:$AS$45,$A3+5,H$1-5)>0,INDEX(Лист2!$C$3:$AS$45,$A3+5,H$1+5)>0),-6,0),Лист2!H3) -> 10 | I3: =IF(Лист2!I3=0,IF(AND(INDEX(Лист2!$C$3:$AS$45,$A3-5,I$1-10)>0,INDEX(Лист2!$C$3:$AS$45,$A3+5,I$1-5)>0,INDEX(Лист2!$C$3:$AS$45,$A3+5,I$1+5)>0),-6,0),Лист2!I3) -> 10 | J3: =IF(Лист2!J3=0,IF(AND(INDEX(Лист2!$C$3:$AS$45,$A3-5,J$1-10)>0,INDEX(Лист2!$C$3:$AS$45,$A3+5,J$1-5)>0,INDEX(Лист2!$C$3:$AS$45,$A3+5,J$1+5)>0),-6,0),Лист2!J3) -> 10 | ... AS3: =IF(Лист2!AS3=0,IF(AND(INDEX(Лист2!$C$3:$AS$45,$A3-5,AS$1-10)>0,INDEX(Лист2!$C$3:$AS$45,$A3+5,AS$1-5)>0,INDEX(Лист2!$C$3:$AS$45,$A3+5,AS$1+5)>0),-6,0),Лист2!AS3) -> 10
A4: 2 | B4: 20 | C4: =IF(Лист2!C4=0,IF(AND(INDEX(Лист2!$C$3:$AS$45,$A4-5,C$1-10)>0,INDEX(Лист2!$C$3:$AS$45,$A4+5,C$1-5)>0,INDEX(Лист2!$C$3:$AS$45,$A4+5,C$1+5)>0),-6,0),Лист2!C4) -> 10 | D4: =IF(Лист2!D4=0,IF(AND(INDEX(Лист2!$C$3:$AS$45,$A4-5,D$1-10)>0,INDEX(Лист2!$C$3:$AS$45,$A4+5,D$1-5)>0,INDEX(Лист2!$C$3:$AS$45,$A4+5,D$1+5)>0),-6,0),Лист2!D4) -> 10 | E4: =IF(Лист2!E4=0,IF(AND(INDEX(Лист2!$C$3:$AS$45,$A4-5,E$1-10)>0,INDEX(Лист2!$C$3:$AS$45,$A4+5,E$1-5)>0,INDEX(Лист2!$C$3:$AS$45,$A4+5,E$1+5)>0),-6,0),Лист2!E4) -> 10 | F4: =IF(Лист2!F4=0,IF(AND(INDEX(Лист2!$C$3:$AS$45,$A4-5,F$1-10)>0,INDEX(Лист2!$C$3:$AS$45,$A4+5,F$1-5)>0,INDEX(Лист2!$C$3:$AS$45,$A4+5,F$1+5)>0),-6,0),Лист2!F4) -> 10 | G4: =IF(Лист2!G4=0,IF(AND(INDEX(Лист2!$C$3:$AS$45,$A4-5,G$1-10)>0,INDEX(Лист2!$C$3:$AS$45,$A4+5,G$1-5)>0,INDEX(Лист2!$C$3:$AS$45,$A4+5,G$1+5)>0),-6,0),Лист2!G4) -> 10 | H4: =IF(Лист2!H4=0,IF(AND(INDEX(Лист2!$C$3:$AS$45,$A4-5,H$1-10)>0,INDEX(Лист2!$C$3:$AS$45,$A4+5,H$1-5)>0,INDEX(Лист2!$C$3:$AS$45,$A4+5,H$1+5)>0),-6,0),Лист2!H4) -> 10 | I4: =IF(Лист2!I4=0,IF(AND(INDEX(Лист2!$C$3:$AS$45,$A4-5,I$1-10)>0,INDEX(Лист2!$C$3:$AS$45,$A4+5,I$1-5)>0,INDEX(Лист2!$C$3:$AS$45,$A4+5,I$1+5)>0),-6,0),Лист2!I4) -> 10 | J4: =IF(Лист2!J4=0,IF(AND(INDEX(Лист2!$C$3:$AS$45,$A4-5,J$1-10)>0,INDEX(Лист2!$C$3:$AS$45,$A4+5,J$1-5)>0,INDEX(Лист2!$C$3:$AS$45,$A4+5,J$1+5)>0),-6,0),Лист2!J4) -> 10 | ... AS4: =IF(Лист2!AS4=0,IF(AND(INDEX(Лист2!$C$3:$AS$45,$A4-5,AS$1-10)>0,INDEX(Лист2!$C$3:$AS$45,$A4+5,AS$1-5)>0,INDEX(Лист2!$C$3:$AS$45,$A4+5,AS$1+5)>0),-6,0),Лист2!AS4) -> 10
A5: 3 | B5: 19 | C5: =IF(Лист2!C5=0,IF(AND(INDEX(Лист2!$C$3:$AS$45,$A5-5,C$1-10)>0,INDEX(Лист2!$C$3:$AS$45,$A5+5,C$1-5)>0,INDEX(Лист2!$C$3:$AS$45,$A5+5,C$1+5)>0),-6,0),Лист2!C5) -> 10 | D5: =IF(Лист2!D5=0,IF(AND(INDEX(Лист2!$C$3:$AS$45,$A5-5,D$1-10)>0,INDEX(Лист2!$C$3:$AS$45,$A5+5,D$1-5)>0,INDEX(Лист2!$C$3:$AS$45,$A5+5,D$1+5)>0),-6,0),Лист2!D5) -> 10 | E5: =IF(Лист2!E5=0,IF(AND(INDEX(Лист2!$C$3:$AS$45,$A5-5,E$1-10)>0,INDEX(Лист2!$C$3:$AS$45,$A5+5,E$1-5)>0,INDEX(Лист2!$C$3:$AS$45,$A5+5,E$1+5)>0),-6,0),Лист2!E5) -> 10 | F5: =IF(Лист2!F5=0,IF(AND(INDEX(Лист2!$C$3:$AS$45,$A5-5,F$1-10)>0,INDEX(Лист2!$C$3:$AS$45,$A5+5,F$1-5)>0,INDEX(Лист2!$C$3:$AS$45,$A5+5,F$1+5)>0),-6,0),Лист2!F5) -> 10 | G5: =IF(Лист2!G5=0,IF(AND(INDEX(Лист2!$C$3:$AS$45,$A5-5,G$1-10)>0,INDEX(Лист2!$C$3:$AS$45,$A5+5,G$1-5)>0,INDEX(Лист2!$C$3:$AS$45,$A5+5,G$1+5)>0),-6,0),Лист2!G5) -> 10 | H5: =IF(Лист2!H5=0,IF(AND(INDEX(Лист2!$C$3:$AS$45,$A5-5,H$1-10)>0,INDEX(Лист2!$C$3:$AS$45,$A5+5,H$1-5)>0,INDEX(Лист2!$C$3:$AS$45,$A5+5,H$1+5)>0),-6,0),Лист2!H5) -> 10 | I5: =IF(Лист2!I5=0,IF(AND(INDEX(Лист2!$C$3:$AS$45,$A5-5,I$1-10)>0,INDEX(Лист2!$C$3:$AS$45,$A5+5,I$1-5)>0,INDEX(Лист2!$C$3:$AS$45,$A5+5,I$1+5)>0),-6,0),Лист2!I5) -> 10 | J5: =IF(Лист2!J5=0,IF(AND(INDEX(Лист2!$C$3:$AS$45,$A5-5,J$1-10)>0,INDEX(Лист2!$C$3:$AS$45,$A5+5,J$1-5)>0,INDEX(Лист2!$C$3:$AS$45,$A5+5,J$1+5)>0),-6,0),Лист2!J5) -> 10 | ... AS5: =IF(Лист2!AS5=0,IF(AND(INDEX(Лист2!$C$3:$AS$45,$A5-5,AS$1-10)>0,INDEX(Лист2!$C$3:$AS$45,$A5+5,AS$1-5)>0,INDEX(Лист2!$C$3:$AS$45,$A5+5,AS$1+5)>0),-6,0),Лист2!AS5) -> 10
A6: 4 | B6: 18 | C6: =IF(Лист2!C6=0,IF(AND(INDEX(Лист2!$C$3:$AS$45,$A6-5,C$1-10)>0,INDEX(Лист2!$C$3:$AS$45,$A6+5,C$1-5)>0,INDEX(Лист2!$C$3:$AS$45,$A6+5,C$1+5)>0),-6,0),Лист2!C6) -> 10 | D6: =IF(Лист2!D6=0,IF(AND(INDEX(Лист2!$C$3:$AS$45,$A6-5,D$1-10)>0,INDEX(Лист2!$C$3:$AS$45,$A6+5,D$1-5)>0,INDEX(Лист2!$C$3:$AS$45,$A6+5,D$1+5)>0),-6,0),Лист2!D6) -> 10 | E6: =IF(Лист2!E6=0,IF(AND(INDEX(Лист2!$C$3:$AS$45,$A6-5,E$1-10)>0,INDEX(Лист2!$C$3:$AS$45,$A6+5,E$1-5)>0,INDEX(Лист2!$C$3:$AS$45,$A6+5,E$1+5)>0),-6,0),Лист2!E6) -> 10 | F6: =IF(Лист2!F6=0,IF(AND(INDEX(Лист2!$C$3:$AS$45,$A6-5,F$1-10)>0,INDEX(Лист2!$C$3:$AS$45,$A6+5,F$1-5)>0,INDEX(Лист2!$C$3:$AS$45,$A6+5,F$1+5)>0),-6,0),Лист2!F6) -> 10 | G6: =IF(Лист2!G6=0,IF(AND(INDEX(Лист2!$C$3:$AS$45,$A6-5,G$1-10)>0,INDEX(Лист2!$C$3:$AS$45,$A6+5,G$1-5)>0,INDEX(Лист2!$C$3:$AS$45,$A6+5,G$1+5)>0),-6,0),Лист2!G6) -> 10 | H6: =IF(Лист2!H6=0,IF(AND(INDEX(Лист2!$C$3:$AS$45,$A6-5,H$1-10)>0,INDEX(Лист2!$C$3:$AS$45,$A6+5,H$1-5)>0,INDEX(Лист2!$C$3:$AS$45,$A6+5,H$1+5)>0),-6,0),Лист2!H6) -> 10 | I6: =IF(Лист2!I6=0,IF(AND(INDEX(Лист2!$C$3:$AS$45,$A6-5,I$1-10)>0,INDEX(Лист2!$C$3:$AS$45,$A6+5,I$1-5)>0,INDEX(Лист2!$C$3:$AS$45,$A6+5,I$1+5)>0),-6,0),Лист2!I6) -> 10 | J6: =IF(Лист2!J6=0,IF(AND(INDEX(Лист2!$C$3:$AS$45,$A6-5,J$1-10)>0,INDEX(Лист2!$C$3:$AS$45,$A6+5,J$1-5)>0,INDEX(Лист2!$C$3:$AS$45,$A6+5,J$1+5)>0),-6,0),Лист2!J6) -> 10 | ... AS6: =IF(Лист2!AS6=0,IF(AND(INDEX(Лист2!$C$3:$AS$45,$A6-5,AS$1-10)>0,INDEX(Лист2!$C$3:$AS$45,$A6+5,AS$1-5)>0,INDEX(Лист2!$C$3:$AS$45,$A6+5,AS$1+5)>0),-6,0),Лист2!AS6) -> 10
A7: 5 | B7: 17 | C7: =IF(Лист2!C7=0,IF(AND(INDEX(Лист2!$C$3:$AS$45,$A7-5,C$1-10)>0,INDEX(Лист2!$C$3:$AS$45,$A7+5,C$1-5)>0,INDEX(Лист2!$C$3:$AS$45,$A7+5,C$1+5)>0),-6,0),Лист2!C7) -> 10 | D7: =IF(Лист2!D7=0,IF(AND(INDEX(Лист2!$C$3:$AS$45,$A7-5,D$1-10)>0,INDEX(Лист2!$C$3:$AS$45,$A7+5,D$1-5)>0,INDEX(Лист2!$C$3:$AS$45,$A7+5,D$1+5)>0),-6,0),Лист2!D7) -> 10 | E7: =IF(Лист2!E7=0,IF(AND(INDEX(Лист2!$C$3:$AS$45,$A7-5,E$1-10)>0,INDEX(Лист2!$C$3:$AS$45,$A7+5,E$1-5)>0,INDEX(Лист2!$C$3:$AS$45,$A7+5,E$1+5)>0),-6,0),Лист2!E7) -> 10 | F7: =IF(Лист2!F7=0,IF(AND(INDEX(Лист2!$C$3:$AS$45,$A7-5,F$1-10)>0,INDEX(Лист2!$C$3:$AS$45,$A7+5,F$1-5)>0,INDEX(Лист2!$C$3:$AS$45,$A7+5,F$1+5)>0),-6,0),Лист2!F7) -> 10 | G7: =IF(Лист2!G7=0,IF(AND(INDEX(Лист2!$C$3:$AS$45,$A7-5,G$1-10)>0,INDEX(Лист2!$C$3:$AS$45,$A7+5,G$1-5)>0,INDEX(Лист2!$C$3:$AS$45,$A7+5,G$1+5)>0),-6,0),Лист2!G7) -> 10 | H7: =IF(Лист2!H7=0,IF(AND(INDEX(Лист2!$C$3:$AS$45,$A7-5,H$1-10)>0,INDEX(Лист2!$C$3:$AS$45,$A7+5,H$1-5)>0,INDEX(Лист2!$C$3:$AS$45,$A7+5,H$1+5)>0),-6,0),Лист2!H7) -> 10 | I7: =IF(Лист2!I7=0,IF(AND(INDEX(Лист2!$C$3:$AS$45,$A7-5,I$1-10)>0,INDEX(Лист2!$C$3:$AS$45,$A7+5,I$1-5)>0,INDEX(Лист2!$C$3:$AS$45,$A7+5,I$1+5)>0),-6,0),Лист2!I7) -> 10 | J7: =IF(Лист2!J7=0,IF(AND(INDEX(Лист2!$C$3:$AS$45,$A7-5,J$1-10)>0,INDEX(Лист2!$C$3:$AS$45,$A7+5,J$1-5)>0,INDEX(Лист2!$C$3:$AS$45,$A7+5,J$1+5)>0),-6,0),Лист2!J7) -> 10 | ... AS7: =IF(Лист2!AS7=0,IF(AND(INDEX(Лист2!$C$3:$AS$45,$A7-5,AS$1-10)>0,INDEX(Лист2!$C$3:$AS$45,$A7+5,AS$1-5)>0,INDEX(Лист2!$C$3:$AS$45,$A7+5,AS$1+5)>0),-6,0),Лист2!AS7) -> 10
A8: 6 | B8: 16 | C8: =IF(Лист2!C8=0,IF(AND(INDEX(Лист2!$C$3:$AS$45,$A8-5,C$1-10)>0,INDEX(Лист2!$C$3:$AS$45,$A8+5,C$1-5)>0,INDEX(Лист2!$C$3:$AS$45,$A8+5,C$1+5)>0),-6,0),Лист2!C8) -> 10 | D8: =IF(Лист2!D8=0,IF(AND(INDEX(Лист2!$C$3:$AS$45,$A8-5,D$1-10)>0,INDEX(Лист2!$C$3:$AS$45,$A8+5,D$1-5)>0,INDEX(Лист2!$C$3:$AS$45,$A8+5,D$1+5)>0),-6,0),Лист2!D8) -> 10 | E8: =IF(Лист2!E8=0,IF(AND(INDEX(Лист2!$C$3:$AS$45,$A8-5,E$1-10)>0,INDEX(Лист2!$C$3:$AS$45,$A8+5,E$1-5)>0,INDEX(Лист2!$C$3:$AS$45,$A8+5,E$1+5)>0),-6,0),Лист2!E8) -> 10 | F8: =IF(Лист2!F8=0,IF(AND(INDEX(Лист2!$C$3:$AS$45,$A8-5,F$1-10)>0,INDEX(Лист2!$C$3:$AS$45,$A8+5,F$1-5)>0,INDEX(Лист2!$C$3:$AS$45,$A8+5,F$1+5)>0),-6,0),Лист2!F8) -> 10 | G8: =IF(Лист2!G8=0,IF(AND(INDEX(Лист2!$C$3:$AS$45,$A8-5,G$1-10)>0,INDEX(Лист2!$C$3:$AS$45,$A8+5,G$1-5)>0,INDEX(Лист2!$C$3:$AS$45,$A8+5,G$1+5)>0),-6,0),Лист2!G8) -> 10 | H8: =IF(Лист2!H8=0,IF(AND(INDEX(Лист2!$C$3:$AS$45,$A8-5,H$1-10)>0,INDEX(Лист2!$C$3:$AS$45,$A8+5,H$1-5)>0,INDEX(Лист2!$C$3:$AS$45,$A8+5,H$1+5)>0),-6,0),Лист2!H8) -> 10 | I8: =IF(Лист2!I8=0,IF(AND(INDEX(Лист2!$C$3:$AS$45,$A8-5,I$1-10)>0,INDEX(Лист2!$C$3:$AS$45,$A8+5,I$1-5)>0,INDEX(Лист2!$C$3:$AS$45,$A8+5,I$1+5)>0),-6,0),Лист2!I8) -> 10 | J8: =IF(Лист2!J8=0,IF(AND(INDEX(Лист2!$C$3:$AS$45,$A8-5,J$1-10)>0,INDEX(Лист2!$C$3:$AS$45,$A8+5,J$1-5)>0,INDEX(Лист2!$C$3:$AS$45,$A8+5,J$1+5)>0),-6,0),Лист2!J8) -> 10 | ... AS8: =IF(Лист2!AS8=0,IF(AND(INDEX(Лист2!$C$3:$AS$45,$A8-5,AS$1-10)>0,INDEX(Лист2!$C$3:$AS$45,$A8+5,AS$1-5)>0,INDEX(Лист2!$C$3:$AS$45,$A8+5,AS$1+5)>0),-6,0),Лист2!AS8) -> 10
A9: 7 | B9: 15 | C9: =IF(Лист2!C9=0,IF(AND(INDEX(Лист2!$C$3:$AS$45,$A9-5,C$1-10)>0,INDEX(Лист2!$C$3:$AS$45,$A9+5,C$1-5)>0,INDEX(Лист2!$C$3:$AS$45,$A9+5,C$1+5)>0),-6,0),Лист2!C9) -> 10 | D9: =IF(Лист2!D9=0,IF(AND(INDEX(Лист2!$C$3:$AS$45,$A9-5,D$1-10)>0,INDEX(Лист2!$C$3:$AS$45,$A9+5,D$1-5)>0,INDEX(Лист2!$C$3:$AS$45,$A9+5,D$1+5)>0),-6,0),Лист2!D9) -> 10 | E9: =IF(Лист2!E9=0,IF(AND(INDEX(Лист2!$C$3:$AS$45,$A9-5,E$1-10)>0,INDEX(Лист2!$C$3:$AS$45,$A9+5,E$1-5)>0,INDEX(Лист2!$C$3:$AS$45,$A9+5,E$1+5)>0),-6,0),Лист2!E9) -> 10 | F9: =IF(Лист2!F9=0,IF(AND(INDEX(Лист2!$C$3:$AS$45,$A9-5,F$1-10)>0,INDEX(Лист2!$C$3:$AS$45,$A9+5,F$1-5)>0,INDEX(Лист2!$C$3:$AS$45,$A9+5,F$1+5)>0),-6,0),Лист2!F9) -> 10 | G9: =IF(Лист2!G9=0,IF(AND(INDEX(Лист2!$C$3:$AS$45,$A9-5,G$1-10)>0,INDEX(Лист2!$C$3:$AS$45,$A9+5,G$1-5)>0,INDEX(Лист2!$C$3:$AS$45,$A9+5,G$1+5)>0),-6,0),Лист2!G9) -> 10 | H9: =IF(Лист2!H9=0,IF(AND(INDEX(Лист2!$C$3:$AS$45,$A9-5,H$1-10)>0,INDEX(Лист2!$C$3:$AS$45,$A9+5,H$1-5)>0,INDEX(Лист2!$C$3:$AS$45,$A9+5,H$1+5)>0),-6,0),Лист2!H9) -> 10 | I9: =IF(Лист2!I9=0,IF(AND(INDEX(Лист2!$C$3:$AS$45,$A9-5,I$1-10)>0,INDEX(Лист2!$C$3:$AS$45,$A9+5,I$1-5)>0,INDEX(Лист2!$C$3:$AS$45,$A9+5,I$1+5)>0),-6,0),Лист2!I9) -> 10 | J9: =IF(Лист2!J9=0,IF(AND(INDEX(Лист2!$C$3:$AS$45,$A9-5,J$1-10)>0,INDEX(Лист2!$C$3:$AS$45,$A9+5,J$1-5)>0,INDEX(Лист2!$C$3:$AS$45,$A9+5,J$1+5)>0),-6,0),Лист2!J9) -> 10 | ... AS9: =IF(Лист2!AS9=0,IF(AND(INDEX(Лист2!$C$3:$AS$45,$A9-5,AS$1-10)>0,INDEX(Лист2!$C$3:$AS$45,$A9+5,AS$1-5)>0,INDEX(Лист2!$C$3:$AS$45,$A9+5,AS$1+5)>0),-6,0),Лист2!AS9) -> 10
A10: 8 | B10: 14 | C10: =IF(Лист2!C10=0,IF(AND(INDEX(Лист2!$C$3:$AS$45,$A10-5,C$1-10)>0,INDEX(Лист2!$C$3:$AS$45,$A10+5,C$1-5)>0,INDEX(Лист2!$C$3:$AS$45,$A10+5,C$1+5)>0),-6,0),Лист2!C10) -> 10 | D10: =IF(Лист2!D10=0,IF(AND(INDEX(Лист2!$C$3:$AS$45,$A10-5,D$1-10)>0,INDEX(Лист2!$C$3:$AS$45,$A10+5,D$1-5)>0,INDEX(Лист2!$C$3:$AS$45,$A10+5,D$1+5)>0),-6,0),Лист2!D10) -> 10 | E10: =IF(Лист2!E10=0,IF(AND(INDEX(Лист2!$C$3:$AS$45,$A10-5,E$1-10)>0,INDEX(Лист2!$C$3:$AS$45,$A10+5,E$1-5)>0,INDEX(Лист2!$C$3:$AS$45,$A10+5,E$1+5)>0),-6,0),Лист2!E10) -> 10 | F10: =IF(Лист2!F10=0,IF(AND(INDEX(Лист2!$C$3:$AS$45,$A10-5,F$1-10)>0,INDEX(Лист2!$C$3:$AS$45,$A10+5,F$1-5)>0,INDEX(Лист2!$C$3:$AS$45,$A10+5,F$1+5)>0),-6,0),Лист2!F10) -> 10 | G10: =IF(Лист2!G10=0,IF(AND(INDEX(Лист2!$C$3:$AS$45,$A10-5,G$1-10)>0,INDEX(Лист2!$C$3:$AS$45,$A10+5,G$1-5)>0,INDEX(Лист2!$C$3:$AS$45,$A10+5,G$1+5)>0),-6,0),Лист2!G10) -> 10 | H10: =IF(Лист2!H10=0,IF(AND(INDEX(Лист2!$C$3:$AS$45,$A10-5,H$1-10)>0,INDEX(Лист2!$C$3:$AS$45,$A10+5,H$1-5)>0,INDEX(Лист2!$C$3:$AS$45,$A10+5,H$1+5)>0),-6,0),Лист2!H10) -> 10 | I10: =IF(Лист2!I10=0,IF(AND(INDEX(Лист2!$C$3:$AS$45,$A10-5,I$1-10)>0,INDEX(Лист2!$C$3:$AS$45,$A10+5,I$1-5)>0,INDEX(Лист2!$C$3:$AS$45,$A10+5,I$1+5)>0),-6,0),Лист2!I10) -> 10 | J10: =IF(Лист2!J10=0,IF(AND(INDEX(Лист2!$C$3:$AS$45,$A10-5,J$1-10)>0,INDEX(Лист2!$C$3:$AS$45,$A10+5,J$1-5)>0,INDEX(Лист2!$C$3:$AS$45,$A10+5,J$1+5)>0),-6,0),Лист2!J10) -> 1 | ... AS10: =IF(Лист2!AS10=0,IF(AND(INDEX(Лист2!$C$3:$AS$45,$A10-5,AS$1-10)>0,INDEX(Лист2!$C$3:$AS$45,$A10+5,AS$1-5)>0,INDEX(Лист2!$C$3:$AS$45,$A10+5,AS$1+5)>0),-6,0),Лист2!AS10) -> 10
A11: 9 | B11: 13 | C11: =IF(Лист2!C11=0,IF(AND(INDEX(Лист2!$C$3:$AS$45,$A11-5,C$1-10)>0,INDEX(Лист2!$C$3:$AS$45,$A11+5,C$1-5)>0,INDEX(Лист2!$C$3:$AS$45,$A11+5,C$1+5)>0),-6,0),Лист2!C11) -> 10 | D11: =IF(Лист2!D11=0,IF(AND(INDEX(Лист2!$C$3:$AS$45,$A11-5,D$1-10)>0,INDEX(Лист2!$C$3:$AS$45,$A11+5,D$1-5)>0,INDEX(Лист2!$C$3:$AS$45,$A11+5,D$1+5)>0),-6,0),Лист2!D11) -> 10 | E11: =IF(Лист2!E11=0,IF(AND(INDEX(Лист2!$C$3:$AS$45,$A11-5,E$1-10)>0,INDEX(Лист2!$C$3:$AS$45,$A11+5,E$1-5)>0,INDEX(Лист2!$C$3:$AS$45,$A11+5,E$1+5)>0),-6,0),Лист2!E11) -> 10 | F11: =IF(Лист2!F11=0,IF(AND(INDEX(Лист2!$C$3:$AS$45,$A11-5,F$1-10)>0,INDEX(Лист2!$C$3:$AS$45,$A11+5,F$1-5)>0,INDEX(Лист2!$C$3:$AS$45,$A11+5,F$1+5)>0),-6,0),Лист2!F11) -> 10 | G11: =IF(Лист2!G11=0,IF(AND(INDEX(Лист2!$C$3:$AS$45,$A11-5,G$1-10)>0,INDEX(Лист2!$C$3:$AS$45,$A11+5,G$1-5)>0,INDEX(Лист2!$C$3:$AS$45,$A11+5,G$1+5)>0),-6,0),Лист2!G11) -> 10 | H11: =IF(Лист2!H11=0,IF(AND(INDEX(Лист2!$C$3:$AS$45,$A11-5,H$1-10)>0,INDEX(Лист2!$C$3:$AS$45,$A11+5,H$1-5)>0,INDEX(Лист2!$C$3:$AS$45,$A11+5,H$1+5)>0),-6,0),Лист2!H11) -> 10 | I11: =IF(Лист2!I11=0,IF(AND(INDEX(Лист2!$C$3:$AS$45,$A11-5,I$1-10)>0,INDEX(Лист2!$C$3:$AS$45,$A11+5,I$1-5)>0,INDEX(Лист2!$C$3:$AS$45,$A11+5,I$1+5)>0),-6,0),Лист2!I11) -> 1 | J11: =IF(Лист2!J11=0,IF(AND(INDEX(Лист2!$C$3:$AS$45,$A11-5,J$1-10)>0,INDEX(Лист2!$C$3:$AS$45,$A11+5,J$1-5)>0,INDEX(Лист2!$C$3:$AS$45,$A11+5,J$1+5)>0),-6,0),Лист2!J11) -> 1 | ... AS11: =IF(Лист2!AS11=0,IF(AND(INDEX(Лист2!$C$3:$AS$45,$A11-5,AS$1-10)>0,INDEX(Лист2!$C$3:$AS$45,$A11+5,AS$1-5)>0,INDEX(Лист2!$C$3:$AS$45,$A11+5,AS$1+5)>0),-6,0),Лист2!AS11) -> 10
A12: 10 | B12: 12 | C12: =IF(Лист2!C12=0,IF(AND(INDEX(Лист2!$C$3:$AS$45,$A12-5,C$1-10)>0,INDEX(Лист2!$C$3:$AS$45,$A12+5,C$1-5)>0,INDEX(Лист2!$C$3:$AS$45,$A12+5,C$1+5)>0),-6,0),Лист2!C12) -> 10 | D12: =IF(Лист2!D12=0,IF(AND(INDEX(Лист2!$C$3:$AS$45,$A12-5,D$1-10)>0,INDEX(Лист2!$C$3:$AS$45,$A12+5,D$1-5)>0,INDEX(Лист2!$C$3:$AS$45,$A12+5,D$1+5)>0),-6,0),Лист2!D12) -> 10 | E12: =IF(Лист2!E12=0,IF(AND(INDEX(Лист2!$C$3:$AS$45,$A12-5,E$1-10)>0,INDEX(Лист2!$C$3:$AS$45,$A12+5,E$1-5)>0,INDEX(Лист2!$C$3:$AS$45,$A12+5,E$1+5)>0),-6,0),Лист2!E12) -> 10 | F12: =IF(Лист2!F12=0,IF(AND(INDEX(Лист2!$C$3:$AS$45,$A12-5,F$1-10)>0,INDEX(Лист2!$C$3:$AS$45,$A12+5,F$1-5)>0,INDEX(Лист2!$C$3:$AS$45,$A12+5,F$1+5)>0),-6,0),Лист2!F12) -> 10 | G12: =IF(Лист2!G12=0,IF(AND(INDEX(Лист2!$C$3:$AS$45,$A12-5,G$1-10)>0,INDEX(Лист2!$C$3:$AS$45,$A12+5,G$1-5)>0,INDEX(Лист2!$C$3:$AS$45,$A12+5,G$1+5)>0),-6,0),Лист2!G12) -> 10 | H12: =IF(Лист2!H12=0,IF(AND(INDEX(Лист2!$C$3:$AS$45,$A12-5,H$1-10)>0,INDEX(Лист2!$C$3:$AS$45,$A12+5,H$1-5)>0,INDEX(Лист2!$C$3:$AS$45,$A12+5,H$1+5)>0),-6,0),Лист2!H12) -> 1 | I12: =IF(Лист2!I12=0,IF(AND(INDEX(Лист2!$C$3:$AS$45,$A12-5,I$1-10)>0,INDEX(Лист2!$C$3:$AS$45,$A12+5,I$1-5)>0,INDEX(Лист2!$C$3:$AS$45,$A12+5,I$1+5)>0),-6,0),Лист2!I12) -> 1 | J12: =IF(Лист2!J12=0,IF(AND(INDEX(Лист2!$C$3:$AS$45,$A12-5,J$1-10)>0,INDEX(Лист2!$C$3:$AS$45,$A12+5,J$1-5)>0,INDEX(Лист2!$C$3:$AS$45,$A12+5,J$1+5)>0),-6,0),Лист2!J12) -> 1 | ... AS12: =IF(Лист2!AS12=0,IF(AND(INDEX(Лист2!$C$3:$AS$45,$A12-5,AS$1-10)>0,INDEX(Лист2!$C$3:$AS$45,$A12+5,AS$1-5)>0,INDEX(Лист2!$C$3:$AS$45,$A12+5,AS$1+5)>0),-6,0),Лист2!AS12) -> 10
A13: 11 | B13: 11 | C13: =IF(Лист2!C13=0,IF(AND(INDEX(Лист2!$C$3:$AS$45,$A13-5,C$1-10)>0,INDEX(Лист2!$C$3:$AS$45,$A13+5,C$1-5)>0,INDEX(Лист2!$C$3:$AS$45,$A13+5,C$1+5)>0),-6,0),Лист2!C13) -> 10 | D13: =IF(Лист2!D13=0,IF(AND(INDEX(Лист2!$C$3:$AS$45,$A13-5,D$1-10)>0,INDEX(Лист2!$C$3:$AS$45,$A13+5,D$1-5)>0,INDEX(Лист2!$C$3:$AS$45,$A13+5,D$1+5)>0),-6,0),Лист2!D13) -> 10 | E13: =IF(Лист2!E13=0,IF(AND(INDEX(Лист2!$C$3:$AS$45,$A13-5,E$1-10)>0,INDEX(Лист2!$C$3:$AS$45,$A13+5,E$1-5)>0,INDEX(Лист2!$C$3:$AS$45,$A13+5,E$1+5)>0),-6,0),Лист2!E13) -> 10 | F13: =IF(Лист2!F13=0,IF(AND(INDEX(Лист2!$C$3:$AS$45,$A13-5,F$1-10)>0,INDEX(Лист2!$C$3:$AS$45,$A13+5,F$1-5)>0,INDEX(Лист2!$C$3:$AS$45,$A13+5,F$1+5)>0),-6,0),Лист2!F13) -> 10 | G13: =IF(Лист2!G13=0,IF(AND(INDEX(Лист2!$C$3:$AS$45,$A13-5,G$1-10)>0,INDEX(Лист2!$C$3:$AS$45,$A13+5,G$1-5)>0,INDEX(Лист2!$C$3:$AS$45,$A13+5,G$1+5)>0),-6,0),Лист2!G13) -> 10 | H13: =IF(Лист2!H13=0,IF(AND(INDEX(Лист2!$C$3:$AS$45,$A13-5,H$1-10)>0,INDEX(Лист2!$C$3:$AS$45,$A13+5,H$1-5)>0,INDEX(Лист2!$C$3:$AS$45,$A13+5,H$1+5)>0),-6,0),Лист2!H13) -> 1 | I13: =IF(Лист2!I13=0,IF(AND(INDEX(Лист2!$C$3:$AS$45,$A13-5,I$1-10)>0,INDEX(Лист2!$C$3:$AS$45,$A13+5,I$1-5)>0,INDEX(Лист2!$C$3:$AS$45,$A13+5,I$1+5)>0),-6,0),Лист2!I13) -> 1 | J13: =IF(Лист2!J13=0,IF(AND(INDEX(Лист2!$C$3:$AS$45,$A13-5,J$1-10)>0,INDEX(Лист2!$C$3:$AS$45,$A13+5,J$1-5)>0,INDEX(Лист2!$C$3:$AS$45,$A13+5,J$1+5)>0),-6,0),Лист2!J13) -> 1 | ... AS13: =IF(Лист2!AS13=0,IF(AND(INDEX(Лист2!$C$3:$AS$45,$A13-5,AS$1-10)>0,INDEX(Лист2!$C$3:$AS$45,$A13+5,AS$1-5)>0,INDEX(Лист2!$C$3:$AS$45,$A13+5,AS$1+5)>0),-6,0),Лист2!AS13) -> 10
A14: 12 | B14: 10 | C14: =IF(Лист2!C14=0,IF(AND(INDEX(Лист2!$C$3:$AS$45,$A14-5,C$1-10)>0,INDEX(Лист2!$C$3:$AS$45,$A14+5,C$1-5)>0,INDEX(Лист2!$C$3:$AS$45,$A14+5,C$1+5)>0),-6,0),Лист2!C14) -> 10 | D14: =IF(Лист2!D14=0,IF(AND(INDEX(Лист2!$C$3:$AS$45,$A14-5,D$1-10)>0,INDEX(Лист2!$C$3:$AS$45,$A14+5,D$1-5)>0,INDEX(Лист2!$C$3:$AS$45,$A14+5,D$1+5)>0),-6,0),Лист2!D14) -> 10 | E14: =IF(Лист2!E14=0,IF(AND(INDEX(Лист2!$C$3:$AS$45,$A14-5,E$1-10)>0,INDEX(Лист2!$C$3:$AS$45,$A14+5,E$1-5)>0,INDEX(Лист2!$C$3:$AS$45,$A14+5,E$1+5)>0),-6,0),Лист2!E14) -> 10 | F14: =IF(Лист2!F14=0,IF(AND(INDEX(Лист2!$C$3:$AS$45,$A14-5,F$1-10)>0,INDEX(Лист2!$C$3:$AS$45,$A14+5,F$1-5)>0,INDEX(Лист2!$C$3:$AS$45,$A14+5,F$1+5)>0),-6,0),Лист2!F14) -> 10 | G14: =IF(Лист2!G14=0,IF(AND(INDEX(Лист2!$C$3:$AS$45,$A14-5,G$1-10)>0,INDEX(Лист2!$C$3:$AS$45,$A14+5,G$1-5)>0,INDEX(Лист2!$C$3:$AS$45,$A14+5,G$1+5)>0),-6,0),Лист2!G14) -> 1 | H14: =IF(Лист2!H14=0,IF(AND(INDEX(Лист2!$C$3:$AS$45,$A14-5,H$1-10)>0,INDEX(Лист2!$C$3:$AS$45,$A14+5,H$1-5)>0,INDEX(Лист2!$C$3:$AS$45,$A14+5,H$1+5)>0),-6,0),Лист2!H14) -> 1 | I14: =IF(Лист2!I14=0,IF(AND(INDEX(Лист2!$C$3:$AS$45,$A14-5,I$1-10)>0,INDEX(Лист2!$C$3:$AS$45,$A14+5,I$1-5)>0,INDEX(Лист2!$C$3:$AS$45,$A14+5,I$1+5)>0),-6,0),Лист2!I14) -> 1 | J14: =IF(Лист2!J14=0,IF(AND(INDEX(Лист2!$C$3:$AS$45,$A14-5,J$1-10)>0,INDEX(Лист2!$C$3:$AS$45,$A14+5,J$1-5)>0,INDEX(Лист2!$C$3:$AS$45,$A14+5,J$1+5)>0),-6,0),Лист2!J14) -> 1 | ... AS14: =IF(Лист2!AS14=0,IF(AND(INDEX(Лист2!$C$3:$AS$45,$A14-5,AS$1-10)>0,INDEX(Лист2!$C$3:$AS$45,$A14+5,AS$1-5)>0,INDEX(Лист2!$C$3:$AS$45,$A14+5,AS$1+5)>0),-6,0),Лист2!AS14) -> 10
... A45: 43 | B45: -21 | C45: =IF(Лист2!C45=0,IF(AND(INDEX(Лист2!$C$3:$AS$45,$A45-5,C$1-10)>0,INDEX(Лист2!$C$3:$AS$45,$A45+5,C$1-5)>0,INDEX(Лист2!$C$3:$AS$45,$A45+5,C$1+5)>0),-6,0),Лист2!C45) -> 10 | D45: =IF(Лист2!D45=0,IF(AND(INDEX(Лист2!$C$3:$AS$45,$A45-5,D$1-10)>0,INDEX(Лист2!$C$3:$AS$45,$A45+5,D$1-5)>0,INDEX(Лист2!$C$3:$AS$45,$A45+5,D$1+5)>0),-6,0),Лист2!D45) -> 10 | E45: =IF(Лист2!E45=0,IF(AND(INDEX(Лист2!$C$3:$AS$45,$A45-5,E$1-10)>0,INDEX(Лист2!$C$3:$AS$45,$A45+5,E$1-5)>0,INDEX(Лист2!$C$3:$AS$45,$A45+5,E$1+5)>0),-6,0),Лист2!E45) -> 10 | F45: =IF(Лист2!F45=0,IF(AND(INDEX(Лист2!$C$3:$AS$45,$A45-5,F$1-10)>0,INDEX(Лист2!$C$3:$AS$45,$A45+5,F$1-5)>0,INDEX(Лист2!$C$3:$AS$45,$A45+5,F$1+5)>0),-6,0),Лист2!F45) -> 10 | G45: =IF(Лист2!G45=0,IF(AND(INDEX(Лист2!$C$3:$AS$45,$A45-5,G$1-10)>0,INDEX(Лист2!$C$3:$AS$45,$A45+5,G$1-5)>0,INDEX(Лист2!$C$3:$AS$45,$A45+5,G$1+5)>0),-6,0),Лист2!G45) -> 10 | H45: =IF(Лист2!H45=0,IF(AND(INDEX(Лист2!$C$3:$AS$45,$A45-5,H$1-10)>0,INDEX(Лист2!$C$3:$AS$45,$A45+5,H$1-5)>0,INDEX(Лист2!$C$3:$AS$45,$A45+5,H$1+5)>0),-6,0),Лист2!H45) -> 10 | I45: =IF(Лист2!I45=0,IF(AND(INDEX(Лист2!$C$3:$AS$45,$A45-5,I$1-10)>0,INDEX(Лист2!$C$3:$AS$45,$A45+5,I$1-5)>0,INDEX(Лист2!$C$3:$AS$45,$A45+5,I$1+5)>0),-6,0),Лист2!I45) -> 10 | J45: =IF(Лист2!J45=0,IF(AND(INDEX(Лист2!$C$3:$AS$45,$A45-5,J$1-10)>0,INDEX(Лист2!$C$3:$AS$45,$A45+5,J$1-5)>0,INDEX(Лист2!$C$3:$AS$45,$A45+5,J$1+5)>0),-6,0),Лист2!J45) -> 10 | ... AS45: =IF(Лист2!AS45=0,IF(AND(INDEX(Лист2!$C$3:$AS$45,$A45-5,AS$1-10)>0,INDEX(Лист2!$C$3:$AS$45,$A45+5,AS$1-5)>0,INDEX(Лист2!$C$3:$AS$45,$A45+5,AS$1+5)>0),-6,0),Лист2!AS45) -> 10

Sheet Лист2
C1: 1 | D1: 2 | E1: 3 | F1: 4 | G1: 5 | H1: 6 | I1: 7 | J1: 8 | K1: 9 | L1: 10 | M1: 11 | N1: 12 | O1: 13 | P1: 14 | Q1: 15 | R1: 16 | S1: 17 | T1: 18 | U1: 19 | V1: 20 | W1: 21 | X1: 22 | Y1: 23 | Z1: 24 | AA1: 25 | AB1: 26 | AC1: 27 | AD1: 28 | AE1: 29 | AF1: 30 | AG1: 31 | AH1: 32 | AI1: 33 | AJ1: 34 | AK1: 35 | AL1: 36 | AM1: 37 | AN1: 38 | AO1: 39 | AP1: 40 | AQ1: 41 | AR1: 42 | AS1: 43
C2: -21 | D2: -20 | E2: -19 | F2: -18 | G2: -17 | H2: -16 | I2: -15 | J2: -14 | K2: -13 | L2: -12 | M2: -11 | N2: -10 | O2: -9 | P2: -8 | Q2: -7 | R2: -6 | S2: -5 | T2: -4 | U2: -3 | V2: -2 | W2: -1 | X2: 0 | Y2: 1 | Z2: 2 | AA2: 3 | AB2: 4 | AC2: 5 | AD2: 6 | AE2: 7 | AF2: 8 | AG2: 9 | AH2: 10 | AI2: 11 | AJ2: 12 | AK2: 13 | AL2: 14 | AM2: 15 | AN2: 16 | AO2: 17 | AP2: 18 | AQ2: 19 | AR2: 20 | AS2: 21
A3: 1 | B3: 21 | C3: 10 | D3: 10 | E3: 10 | F3: 10 | G3: 10 | H3: 10 | I3: 10 | J3: 10 | K3: 10 | L3: 10 | M3: 10 | N3: 10 | O3: 10 | P3: 10 | Q3: 10 | R3: 10 | S3: 10 | T3: 10 | U3: 10 | V3: 10 | W3: 10 | X3: 10 | Y3: 10 | Z3: 10 | AA3: 10 | AB3: 10 | AC3: 10 | AD3: 10 | AE3: 10 | AF3: 10 | AG3: 10 | AH3: 10 | AI3: 10 | AJ3: 10 | AK3: 10 | AL3: 10 | AM3: 10 | AN3: 10 | AO3: 10 | AP3: 10 | AQ3: 10 | AR3: 10 | AS3: 10 | AT3: 10
A4: 2 | B4: 20 | C4: 10 | D4: 10 | E4: 10 | F4: 10 | G4: 10 | H4: 10 | I4: 10 | J4: 10 | K4: 10 | L4: 10 | M4: 10 | N4: 10 | O4: 10 | P4: 10 | Q4: 10 | R4: 10 | S4: 10 | T4: 10 | U4: 10 | V4: 10 | W4: 10 | X4: 1 | Y4: 10 | Z4: 10 | AA4: 10 | AB4: 10 | AC4: 10 | AD4: 10 | AE4: 10 | AF4: 10 | AG4: 10 | AH4: 10 | AI4: 10 | AJ4: 10 | AK4: 10 | AL4: 10 | AM4: 10 | AN4: 10 | AO4: 10 | AP4: 10 | AQ4: 10 | AR4: 10 | AS4: 10
A5: 3 | B5: 19 | C5: 10 | D5: 10 | E5: 10 | F5: 10 | G5: 10 | H5: 10 | I5: 10 | J5: 10 | K5: 10 | L5: 10 | M5: 10 | N5: 10 | O5: 10 | P5: 10 | Q5: 10 | R5: 1 | S5: 1 | T5: 1 | U5: 1 | V5: 1 | W5: 1 | X5: 1 | Y5: 1 | Z5: 1 | AA5: 1 | AB5: 1 | AC5: 1 | AD5: 1 | AE5: 10 | AF5: 10 | AG5: 10 | AH5: 10 | AI5: 10 | AJ5: 10 | AK5: 10 | AL5: 10 | AM5: 10 | AN5: 10 | AO5: 10 | AP5: 10 | AQ5: 10 | AR5: 10 | AS5: 10
A6: 4 | B6: 18 | C6: 10 | D6: 10 | E6: 10 | F6: 10 | G6: 10 | H6: 10 | I6: 10 | J6: 10 | K6: 10 | L6: 10 | M6: 10 | N6: 10 | O6: 10 | P6: 1 | Q6: 1 | R6: 1 | S6: 1 | T6: 1 | U6: 1 | V6: 1 | W6: 1 | X6: 1 | Y6: 1 | Z6: 1 | AA6: 1 | AB6: 1 | AC6: 1 | AD6: 1 | AE6: 1 | AF6: 1 | AG6: 10 | AH6: 10 | AI6: 10 | AJ6: 10 | AK6: 10 | AL6: 10 | AM6: 10 | AN6: 10 | AO6: 10 | AP6: 10 | AQ6: 10 | AR6: 10 | AS6: 10
A7: 5 | B7: 17 | C7: 10 | D7: 10 | E7: 10 | F7: 10 | G7: 10 | H7: 10 | I7: 10 | J7: 10 | K7: 10 | L7: 10 | M7: 10 | N7: 1 | O7: 1 | P7: 1 | Q7: 1 | R7: 1 | S7: 1 | T7: 1 | U7: 1 | V7: 1 | W7: 1 | X7: 1 | Y7: 1 | Z7: 1 | AA7: 1 | AB7: 1 | AC7: 1 | AD7: 1 | AE7: 1 | AF7: 1 | AG7: 1 | AH7: 1 | AI7: 10 | AJ7: 10 | AK7: 10 | AL7: 10 | AM7: 10 | AN7: 10 | AO7: 10 | AP7: 10 | AQ7: 10 | AR7: 10 | AS7: 10
A8: 6 | B8: 16 | C8: 10 | D8: 10 | E8: 10 | F8: 10 | G8: 10 | H8: 10 | I8: 10 | J8: 10 | K8: 10 | L8: 1 | M8: 1 | N8: 1 | O8: 1 | P8: 1 | Q8: 1 | R8: 1 | S8: 1 | T8: 1 | U8: 1 | V8: 1 | W8: 1 | X8: 1 | Y8: 1 | Z8: 1 | AA8: 1 | AB8: 1 | AC8: 1 | AD8: 1 | AE8: 1 | AF8: 1 | AG8: 1 | AH8: 1 | AI8: 1 | AJ8: 1 | AK8: 10 | AL8: 10 | AM8: 10 | AN8: 10 | AO8: 10 | AP8: 10 | AQ8: 10 | AR8: 10 | AS8: 10
A9: 7 | B9: 15 | C9: 10 | D9: 10 | E9: 10 | F9: 10 | G9: 10 | H9: 10 | I9: 10 | J9: 10 | K9: 1 | L9: 1 | M9: 1 | N9: 1 | O9: 1 | P9: 1 | Q9: 1 | R9: 1 | S9: 1 | T9: 1 | U9: 1 | V9: 1 | W9: 1 | X9: 1 | Y9: 1 | Z9: 1 | AA9: 1 | AB9: 1 | AC9: 1 | AD9: 1 | AE9: 1 | AF9: 1 | AG9: 1 | AH9: 6 | AI9: 1 | AJ9: 1 | AK9: 1 | AL9: 10 | AM9: 10 | AN9: 10 | AO9: 10 | AP9: 10 | AQ9: 10 | AR9: 10 | AS9: 10
A10: 8 | B10: 14 | C10: 10 | D10: 10 | E10: 10 | F10: 10 | G10: 10 | H10: 10 | I10: 10 | J10: 1 | K10: 1 | L10: 1 | M10: 1 | N10: 1 | O10: 1 | P10: 1 | Q10: 1 | R10: 1 | S10: 1 | T10: 1 | U10: 1 | V10: 1 | W10: 1 | X10: 1 | Y10: 1 | Z10: 1 | AA10: 1 | AB10: 4 | AC10: 4 | AD10: 5 | AE10: 5 | AF10: 5 | AG10: 5 | AH10: 5 | AI10: 6 | AJ10: 6 | AK10: 1 | AL10: 1 | AM10: 10 | AN10: 10 | AO10: 10 | AP10: 10 | AQ10: 10 | AR10: 10 | AS10: 10
A11: 9 | B11: 13 | C11: 10 | D11: 10 | E11: 10 | F11: 10 | G11: 10 | H11: 10 | I11: 1 | J11: 1 | K11: 1 | L11: 1 | M11: 1 | N11: 1 | O11: 1 | P11: 1 | Q11: 1 | R11: 1 | S11: 1 | T11: 1 | U11: 1 | V11: 1 | W11: 1 | X11: 1 | Y11: 1 | Z11: 4 | AA11: 4 | AB11: 4 | AC11: 4 | AD11: 5 | AE11: 5 | AF11: 5 | AG11: 5 | AH11: 5 | AI11: 6 | AJ11: 6 | AK11: 6 | AL11: 1 | AM11: 1 | AN11: 10 | AO11: 10 | AP11: 10 | AQ11: 10 | AR11: 10 | AS11: 10
A12: 10 | B12: 12 | C12: 10 | D12: 10 | E12: 10 | F12: 10 | G12: 10 | H12: 1 | I12: 1 | J12: 1 | K12: 1 | L12: 1 | M12: 1 | N12: 1 | O12: 1 | P12: 1 | Q12: 1 | R12: 1 | S12: 1 | T12: 1 | U12: 1 | V12: 1 | W12: 1 | X12: -3 | Y12: -5 | Z12: 4 | AA12: 4 | AB12: 4 | AC12: 4 | AD12: 0 | AE12: 5 | AF12: 5 | AG12: 5 | AH12: -3 | AI12: -5 | AJ12: 6 | AK12: 6 | AL12: 1 | AM12: 1 | AN12: 1 | AO12: 10 | AP12: 10 | AQ12: 10 | AR12: 10 | AS12: 10
A13: 11 | B13: 11 | C13: 10 | D13: 10 | E13: 10 | F13: 10 | G13: 10 | H13: 1 | I13: 1 | J13: 1 | K13: 1 | L13: 1 | M13: 1 | N13: 1 | O13: 1 | P13: 1 | Q13: 1 | R13: 1 | S13: 1 | T13: 1 | U13: 1 | V13: -3 | W13: -3 | X13: -3 | Y13: -5 | Z13: -4 | AA13: -4 | AB13: 4 | AC13: 4 | AD13: -4 | AE13: -4 | AF13: -4 | AG13: 5 | AH13: -3 | AI13: -5 | AJ13: -4 | AK13: -4 | AL13: -4 | AM13: 1 | AN13: 1 | AO13: 10 | AP13: 10 | AQ13: 10 | AR13: 10 | AS13: 10
A14: 12 | B14: 10 | C14: 10 | D14: 10 | E14: 10 | F14: 10 | G14: 1 | H14: 1 | I14: 1 | J14: 1 | K14: 1 | L14: 1 | M14: 1 | N14: 1 | O14: 1 | P14: 1 | Q14: 1 | R14: 1 | S14: 1 | T14: 1 | U14: -3 | V14: -3 | W14: -3 | X14: -4 | Y14: -4 | Z14: -4 | AA14: -4 | AB14: -4 | AC14: -5 | AD14: -5 | AE14: -4 | AF14: -4 | AG14: -4 | AH14: -4 | AI14: -4 | AJ14: -4 | AK14: -4 | AL14: -4 | AM14: 1 | AN14: 1 | AO14: 1 | AP14: 10 | AQ14: 10 | AR14: 10 | AS14: 10
A15: 13 | B15: 9 | C15: 10 | D15: 10 | E15: 10 | F15: 10 | G15: 1 | H15: 1 | I15: 1 | J15: 1 | K15: 1 | L15: 1 | M15: 1 | N15: 1 | O15: 1 | P15: 1 | Q15: 1 | R15: 1 | S15: 1 | T15: -3 | U15: -3 | V15: -3 | W15: -3 | X15: -3 | Y15: -4 | Z15: -4 | AA15: -4 | AB15: -4 | AC15: -4 | AD15: -5 | AE15: -5 | AF15: -4 | AG15: -4 | AH15: -3 | AI15: -4 | AJ15: -4 | AK15: -4 | AL15: -4 | AM15: 1 | AN15: 1 | AO15: 1 | AP15: 10 | AQ15: 10 | AR15: 10 | AS15: 10
... A45: 43 | B45: -21 | C45: 10 | D45: 10 | E45: 10 | F45: 10 | G45: 10 | H45: 10 | I45: 10 | J45: 10 | K45: 10 | L45: 10 | M45: 10 | N45: 10 | O45: 10 | P45: 10 | Q45: 10 | R45: 10 | S45: 10 | T45: 10 | U45: 10 | V45: 10 | W45: 10 | X45: 10 | Y45: 10 | Z45: 10 | AA45: 10 | AB45: 10 | AC45: 10 | AD45: 10 | AE45: 10 | AF45: 10 | AG45: 10 | AH45: 10 | AI45: 10 | AJ45: 10 | AK45: 10 | AL45: 10 | AM45: 10 | AN45: 10 | AO45: 10 | AP45: 10 | AQ45: 10 | AR45: 10 | AS45: 10
